Player,Yrs,From,To,G,MP_total,FG,FGA,3P,3PA,FT,FTA,ORB,TRB_total,AST_total,STL,BLK,TOV,PF,PTS_total,FG%,3P%,FT%,Date,City,Country,Latitude,Longitude,Decade,Minutes_per_game,Points_per_game,Assists_per_game,Rebounds_per_game,Size
Ernie Vandeweghe,6,1950,1956,224,3600.0,818,1942,,,499,674,,834,548,,,,753,2135,.421,,.740,"Sep 12, 1928",Montreal,Canada,45.353604634921865,-73.73945483186166,1950's,16.1,9.5,2.4,3.7,1
Bob Houbregs  *,5,1954,1958,281,6725.0,906,2245,,,799,1108,,1552,500,,,,690,2611,.404,,.721,"Mar 12, 1932",Vancouver,Canada,49.2302011010262,-123.24743460396392,1950's,23.9,9.3,1.8,5.5,1
Chris Harris,1,1956,1956,41,420.0,37,149,,,27,45,,44,44,,,,43,101,0.248,,0.6,"Aug 11, 1933",Southampton,United Kingdom,50.89572193943578,-1.4274348193081592,1950's,10.2,2.5,1.1,1.1,1
Tom Meschery,10,1962,1971,778,23459.0,3877,8793,,,2150,2885,,6698,1331,,,,2841,9904,0.441,,0.745,"Oct 26, 1938",Harbin Manchuria,China,46.291139032946944,127.64168398351818,1960's,30.2,12.7,1.7,8.6,1
Al Cueto,2,1970,1971,149,2239.0,316,782,5,21,157,221,271,731,144,,,152,423,794,0.40399999999999997,0.23800000000000002,0.71,"Aug 2, 1946",Havana,Cuba,22.211423381666073,113.59966679792896,1970's,15.0,5.3,1.0,4.9,1
John Brown,7,1974,1980,486,10108.0,1348,2979,0,0,918,1172,824,2126,703,250,76,234,1449,3614,.453,,.783,"Dec 14, 1951",Frankfurt,Germany,50.05048393452591,8.658023245341909,1970's,20.8,7.4,1.4,4.4,1
Swen Nater,11,1974,1984,722,20746.0,3714,6939,1.0,10.0,1551,2074,2422.0,8340,1235,364.0,427.0,1537.0,2193,8980,0.535,0.1,0.748,"Jan 14, 1950",Den Helder,Netherlands,53.08907761159252,4.867973128145004,1970's,28.7,12.4,1.7,11.6,1
Mike Flynn,3,1976,1978,211,3376.0,536,1279,25,99,220,350,186,437,454,142,25,156,270,1317,0.419,0.253,0.629,"Jul 31, 1953",Casablanca,Morocco,33.639124564733606,-7.580702718751161,1970's,16.0,6.2,2.2,2.1,1
Ernie Grunfeld,9,1978,1986,693,12916.0,2065,4328,33,98,961,1248,516,1815,1419,472,134,801,1511,5124,0.47700000000000004,0.337,0.77,"Apr 24, 1955",Satu-Mare,Romania,47.90329785569957,22.889289254780735,1970's,18.6,7.4,2.0,2.6,1
Mychal Thompson,12,1979,1991,935,27764.0,5191,10306,1,12,2427,3707,2229,6951,2141,701,1073,2104,2692,12810,0.504,0.083,0.655,"Jan 30, 1955",Nassau,Bahamas,25.08423987090553,-77.42366436056138,1970's,29.7,13.7,2.3,7.4,1
Lars Hansen,1,1979,1979,15,205.0,29,57,,,18,31,22,59,14,1,1,9,28,76,0.509,,0.581,"Sep 14, 1954",Copenhagen,Denmark,55.594526878661995,12.43639420824142,1970's,13.7,5.1,0.9,3.9,1
Butch Lee,2,1979,1980,96,1834.0,296,658,0,0,181,238,40,137,307,87,1,164,148,773,0.45,,0.7609999999999999,"Dec 5, 1956",Santurce,Puerto Rico,18.481048045543222,-65.88390907968856,1970's,19.1,8.1,3.2,1.4,1
Kiki Vandeweghe,13,1981,1993,810,24521.0,6139,11699,218,592,3484,3997,893,2785,1668,468,243,1310,1560,15980,.525,.368,.872,"Aug 1, 1958",Wiesbaden,Germany,50.08252195072389,8.298656768034677,1980's,30.3,19.7,2.1,3.4,1
James Donaldson,14,1981,1995,957,26222.0,3105,5442,0.0,0.0,1993,2722,2060.0,7492,765,336.0,1267.0,1454.0,2025,8203,0.5710000000000001,,0.732,"Aug 16, 1957",Heacham,United Kingdom,52.831832351919694,0.34096901785576234,1980's,27.4,8.6,0.8,7.8,1
Rolando Blackman,13,1982,1994,980,32087.0,6887,13969,229,667,3620,4309,1047,3278,2981,715,274,1829,1634,17623,0.493,0.34299999999999997,0.84,"Feb 26, 1959",Panama City,Panama,9.107647817773852,-79.53479908503714,1980's,32.7,18.0,3.0,3.3,1
Pétur Guðmundsson,4,1982,1989,150,2060.0,251,508,1,2,190,252,166,563,153,35,96,195,400,693,0.494,0.5,0.754,"Oct 30, 1958",Reykjavik,Iceland,64.17857402424055,-21.898955571765722,1980's,13.7,4.6,1.0,3.8,1
Jim Zoet,1,1983,1983,7,30.0,1,5,0,0,0,0,3,8,1,1,3,4,9,2,.200,,,"Dec 20, 1953",Uxbridge,Canada,44.162191577579065,-78.99834109405127,1980's,4.3,0.3,0.1,1.1,1
Dominique Wilkins  *,15,1983,1999,1074,38113.0,9963,21589,711,2231,6031,7438,2950,7169,2677,1378,642,2669,2061,26668,.461,.319,.811,"Jan 12, 1960",Paris,France,48.98409661909084,2.4143928423622985,1980's,35.5,24.8,2.5,6.7,1
Stewart Granger,3,1984,1987,80,996.0,123,297,4,17,66,89,15,78,173,33,1,91,127,316,.414,.235,.742,"Oct 27, 1961",Montreal,Canada,45.66999851498836,-73.7480011093787,1980's,12.4,4.0,2.2,1.0,1
Leo Rautins,2,1984,1985,32,208.0,21,60,0,0,6,10,10,35,32,9,2,20,34,48,.350,,.600,"Mar 20, 1960",Toronto,Canada,43.72606820857817,-79.45072539950357,1980's,6.5,1.5,1.0,1.1,1
Wallace Bryant,3,1984,1986,102,1395.0,134,329,0,0,55,96,128,374,112,35,40,71,196,323,0.40700000000000003,,0.573,"Jul 14, 1959",Madrid,Spain,40.57100955705969,-3.790304676216888,1980's,13.7,3.2,1.1,3.7,1
Kenton Edelin,1,1985,1985,10,143.0,4,13,0,0,3,8,8,26,10,5,4,3,39,11,.308,,.375,"May 24, 1962",Heidelburg,Germany,49.402040092997815,8.67096573315056,1980's,14.3,1.1,1.0,2.6,1
Wayne Sappleton,1,1985,1985,33,298.0,41,87,0,0,14,34,28,75,7,7,4,21,50,96,0.47100000000000003,,0.41200000000000003,"Nov 17, 1960",Kingston,Jamaica,18.00533829336694,-76.66911277973996,1980's,9.0,2.9,0.2,2.3,1
Hakeem Olajuwon  *,18,1985,2002,1238,44222.0,10749,20991,25,124,5423,7621,4034,13748,3058,2162,3830,3667,4383,26946,0.512,0.20199999999999999,0.7120000000000001,"Jan 21, 1963",Lagos,Nigeria,6.593766151969837,3.394042464652959,1980's,35.7,21.8,2.5,11.1,1
Stuart Gray,7,1985,1991,386,3457.0,338,758,0,7,230,347,309,1020,148,64,133,243,645,906,0.446,0.0,0.6629999999999999,"May 27, 1963",Panama Canal Zone,Panama,8.845005845752715,-79.78580721701705,1980's,9.0,2.3,0.4,2.6,1
Yvon Joseph,1,1986,1986,1,5.0,0,0,0,0,2,2,0,0,0,0,0,0,1,2,,,1.0,"Oct 31, 1957",Cap-Haitian,Haiti,19.627442569102616,-72.19618629134413,1980's,5.0,2.0,0.0,0.0,1
Uwe Blab,5,1986,1990,235,1966.0,185,427,0,0,135,222,128,413,102,19,85,141,344,505,.433,,.608,"Mar 26, 1962",Munich,Germany,48.01889169359893,11.590327481295342,1980's,8.4,2.1,0.4,1.8,1
Bill Wennington,13,1986,2000,720,9740.0,1379,3006,5,36,538,684,688,2148,440,226,248,440,1680,3301,.459,.139,.787,"Apr 26, 1963",Montreal,Canada,45.58120461219848,-73.61177837781663,1980's,13.5,4.6,0.6,3.0,1
Patrick Ewing  *,17,1986,2002,1183,40594.0,9702,19241,19,125,5392,7289,2752,11607,2215,1136,2894,3537,4034,24815,0.504,0.152,0.74,"Aug 5, 1962",Kingston,Jamaica,17.839215031012433,-76.86041536707711,1980's,34.3,21.0,1.9,9.8,1
Georgi Glouchkov,1,1986,1986,49,772.0,84,209,1,1,70,122,31,163,32,26,25,76,124,239,0.402,1.0,0.574,"Jan 10, 1960",Triavna,Bulgaria,42.763945172130434,25.552521655540463,1980's,15.8,4.9,0.7,3.3,1
Ron Crevier,1,1986,1986,3,4.0,0,3,0,0,0,2,1,1,0,0,0,0,2,0,.000,,.000,"Apr 14, 1958",Montreal,Canada,45.67872918924869,-73.69008779788132,1980's,1.3,0.0,0.0,0.3,1
Manute Bol,10,1986,1995,624,11698.0,665,1635,43,205,226,403,596,2647,171,126,2086,451,1457,1599,0.40700000000000003,0.21,0.561,"Oct 16, 1962",Gogrial,South Sudan,8.627274287194238,28.023863684414362,1980's,18.7,2.6,0.3,4.2,1
Detlef Schrempf,16,1986,2001,1136,33597.0,5400,10995,475,1236,4486,5585,1871,7023,3833,856,312,2268,3360,15761,.491,.384,.803,"Jan 21, 1963",Leverkusen,Germany,50.95721551805081,7.031472434320033,1980's,29.6,13.9,3.4,6.2,1
Mike Smrek,7,1986,1992,194,1890.0,211,489,0,2,132,214,146,422,49,37,150,138,417,554,.431,.000,.617,"Aug 31, 1962",Welland,Canada,42.887347765792065,-79.27357766438472,1980's,9.7,2.9,0.3,2.2,1
Cozell McQueen,1,1987,1987,3,7.0,3,3,0,0,0,0,3,8,0,0,1,0,1,6,1.000,,,"Jan 18, 1962",Paris,France,48.67564827399019,2.3770310180061625,1980's,2.3,2.0,0.0,2.7,1
Fernando Martín,1,1987,1987,24,146.0,9,31,0,1,4,11,8,28,9,7,1,20,24,22,0.29,0.0,0.364,"Mar 25, 1962",Madrid,Spain,40.52400058938631,-3.7036598328482744,1980's,6.1,0.9,0.4,1.2,1
Chris Welp,3,1988,1990,109,1173.0,140,314,0,1,79,116,88,265,43,34,54,66,259,359,.446,.000,.681,"Jan 2, 1964",Delmenhorst,Germany,52.93408764381485,8.702541905052994,1980's,10.8,3.3,0.4,2.4,1
Duane Washington,2,1988,1993,19,184.0,18,47,2,4,16,20,5,24,39,13,0,11,25,54,.383,.500,.800,"Aug 31, 1964",Eschwege,Germany,51.23701939497107,10.009002021741768,1980's,9.7,2.8,2.1,1.3,1
Olden Polynice,15,1988,2004,1058,24884.0,3557,7037,5,26,1146,2141,2730,7110,744,516,651,1170,2835,8265,0.505,0.192,0.535,"Nov 21, 1964",Port-au-Prince,Haiti,18.69334144342523,-72.37962229762081,1980's,23.5,7.8,0.7,6.7,1
Tito Horford,3,1989,1994,63,376.0,33,110,0,0,27,43,29,84,5,7,26,30,50,93,0.3,,0.628,"Jan 19, 1966",La Romana,Dominican Republic,18.54070113788492,-68.78497697119784,1980's,6.0,1.5,0.1,1.3,1
Rolando Ferreira,1,1989,1989,12,34.0,1,18,0,0,7,8,4,13,1,0,1,6,7,9,0.055999999999999994,,0.875,"May 24, 1964",Curitiba,Brazil,-25.46604824411717,-49.13803530835153,1980's,2.8,0.8,0.1,1.1,1
Rik Smits,12,1989,2000,867,23100.0,5301,10461,3.0,26.0,2266,2932,1531.0,5277,1215,372.0,1111.0,1579.0,3011,12871,0.507,0.115,0.773,"Aug 23, 1966",Eindhoven,Netherlands,51.452132327680005,5.618684625962917,1980's,26.6,14.8,1.4,6.1,1
Steve Kerr,15,1989,2003,910,16207.0,2042,4263,726,1599,627,726,186,1060,1658,476,46,504,847,5437,0.479,0.45399999999999996,0.8640000000000001,"Sep 27, 1965",Beirut,Lebanon,34.02767998089928,35.39625571417249,1980's,17.8,6.0,1.8,1.2,1
Rony Seikaly,11,1989,1999,678,21395.0,3647,7540,6,32,2691,3961,2142,6424,860,453,872,1913,2341,9991,0.484,0.188,0.679,"May 10, 1965",Beirut,Lebanon,33.82219470091417,35.530001653583604,1980's,31.6,14.7,1.3,9.5,1
Ramón Rivas,1,1989,1989,28,91.0,12,31,0,1,16,25,9,24,3,4,1,9,21,40,0.387,0.0,0.64,"Jun 3, 1966",Carolina,Puerto Rico,18.395792009007895,-65.96085695415904,1980's,3.2,1.4,0.1,0.9,1
José Ortiz,2,1989,1990,64,391.0,74,167,1,3,34,57,38,73,18,10,8,41,55,183,0.44299999999999995,0.33299999999999996,0.596,"Oct 25, 1963",Aibonito,Puerto Rico,18.071838332653254,-66.18211084647943,1980's,6.1,2.9,0.3,1.1,1
Torgeir Bryn,1,1990,1990,3,10.0,0,2,0,0,4,6,0,2,0,2,1,1,5,4,0.0,,0.667,"Aug 8, 1964",Oslo,Norway,59.887119218253254,10.870435136982502,1990's,3.3,1.3,0.0,0.7,1
Žarko Paspalj,1,1990,1990,28,181.0,27,79,0,1,18,22,15,30,10,3,7,21,37,72,0.342,0.0,0.818,"Mar 27, 1966",Pljevlja,Montenegro,43.304130974106755,19.248214846735852,1990's,6.5,2.6,0.4,1.1,1
Alexander Volkov,2,1990,1992,149,2453.0,388,853,48.0,144.0,195,318,155.0,384,333,102.0,52.0,154.0,344,1019,0.455,0.33299999999999996,0.613,"Mar 28, 1964",Omsk,Russian Federation,54.86030022401035,73.3968998494161,1990's,16.5,6.8,2.2,2.6,1
Dražen Petrović  *,4,1990,1993,290,7669.0,1705,3369,255,583,796,946,240,669,701,265,27,596,751,4461,0.506,0.43700000000000006,0.841,"Oct 22, 1964",Sibenik,Croatia,43.75799949870202,15.821452729525575,1990's,26.4,15.4,2.4,2.3,1
Steve Bucknall,1,1990,1990,18,75.0,9,33,0.0,1.0,5,6,5.0,7,10,2.0,1.0,11.0,10,23,0.273,0.0,0.833,"Mar 17, 1966",London,United Kingdom,51.382523365639045,-0.18973887344491114,1990's,4.2,1.3,0.6,0.4,1
Vlade Divac  *,16,1990,2005,1134,33838.0,5205,10510,100,426,2888,4176,2881,9326,3541,1288,1631,2470,3609,13398,.495,.235,.692,"Feb 3, 1968",Prijepolje,Serbia,43.33923429211219,19.735684613745683,1990's,29.8,11.8,3.1,8.2,1
Šarūnas Marčiulionis  *,7,1990,1997,363,8123.0,1571,3109,127,344,1362,1773,292,819,807,459,31,715,971,4631,0.505,0.369,0.768,"Jun 13, 1964",Kaunas,Lithuania,54.85545395213649,24.09065999769628,1990's,22.4,12.8,2.2,2.3,1
Alaa Abdelnaby,5,1991,1995,256,3200.0,620,1236,0,3,225,321,283,846,85,71,69,247,484,1465,0.502,0.0,0.701,"Jun 24, 1968",Cairo,Egypt,29.891878495519908,31.1733271271701,1990's,12.5,5.7,0.3,3.3,1
Miloš Babić,2,1991,1992,21,87.0,12,32,0,0,13,20,8,20,10,2,1,10,7,37,.375,,.650,"Nov 23, 1968",Kraljevo,Serbia,43.77287530900905,20.820620198980976,1990's,4.1,1.8,0.5,1.0,1
Rumeal Robinson,6,1991,1997,336,6098.0,1014,2345,112,326,406,665,164,606,1179,301,54,580,599,2546,0.43200000000000005,0.344,0.611,"Nov 13, 1966",Mandeville,Jamaica,18.04662547217561,-77.48124851888161,1990's,18.1,7.6,3.5,1.8,1
Stojko Vranković,5,1991,1999,170,2050.0,197,413,0,0,79,132,155,516,59,22,179,132,318,473,0.47700000000000004,,0.598,"Jan 22, 1964",Drnis,Croatia,43.87438112933886,16.18805785034585,1990's,12.1,2.8,0.3,3.0,1
Ian Lockhart,1,1991,1991,1,2.0,1,1,0,0,2,2,0,0,0,0,0,0,0,4,1.0,,1.0,"Jun 25, 1967",Nassau,Bahamas,25.16382051029981,-77.21837847560077,1990's,2.0,4.0,0.0,0.0,1
João Vianna,1,1992,1992,1,9.0,1,2,0,0,0,0,0,0,2,0,0,1,3,2,0.5,,,"Nov 15, 1966",Brasilia,Brazil,-10.307785657659156,-53.274361105786774,1990's,9.0,2.0,2.0,0.0,1
Luc Longley,10,1992,2001,567,12006.0,1685,3647,0,5,720,947,872,2794,836,278,549,942,1730,4090,.462,.000,.760,"Jan 19, 1969",Melbourne,Australia,-37.86961199773214,144.990044730653,1990's,21.2,7.2,1.5,4.9,1
Rick Fox,13,1992,2004,930,23723.0,3382,7519,771,2208,1431,1858,996,3517,2649,967,355,1611,2739,8966,.450,.349,.770,"Jul 24, 1969",Toronto,Canada,43.52248545177833,-79.43516025211737,1990's,25.5,9.6,2.8,3.8,1
Carl Herrera,8,1992,1999,465,8042.0,1039,2183,2.0,14.0,401,624,577,1690,261,237,204,447,935,2481,0.47600000000000003,0.14300000000000002,0.643,"Dec 14, 1966",Trinidad,Trinidad and Tobago,10.517481492678145,-61.3163426545624,1990's,17.3,5.3,0.6,3.6,1
Dikembe Mutombo  *,18,1992,2009,1196,36791.0,4169,8045,0,2,3391,4960,3808,12359,1240,494,3289,2173,3383,11729,0.518,0.0,0.684,"Jun 25, 1966",Kinshasa,Democratic Republic of the Congo,-4.571172008981937,15.143540674303125,1990's,30.8,9.8,1.0,10.3,1
Jo Jo English,3,1993,1995,50,577.0,74,178,11,32,20,36,12,54,46,18,13,46,85,179,.416,.344,.556,"Feb 4, 1970",Frankfurt,Germany,50.07678755858839,8.70463414141223,1990's,11.5,3.6,0.9,1.1,1
Dexter Cambridge,1,1993,1993,53,885.0,151,312,0,4,68,99,88,167,58,24,6,63,128,370,0.484,0.0,0.687,"Jan 29, 1970",Eleuthera,Bahamas,25.002525761486808,-76.11663087191083,1990's,16.7,7.0,1.1,3.2,1
Radisav Ćurčić,1,1993,1993,20,166.0,16,41,0,0,26,36,17,49,12,7,2,8,30,58,.390,,.722,"Sep 26, 1965",Cacak,Serbia,43.76163626315466,20.31596926515748,1990's,8.3,2.9,0.6,2.4,1
Gundars Vētra,1,1993,1993,13,89.0,19,40,3,3,4,6,4,8,6,2,0,2,12,45,0.475,1.0,0.667,"May 22, 1967",Ventspils,Latvia,57.29659290052281,21.548219719413648,1990's,6.8,3.5,0.5,0.6,1
Richard Petruška,1,1994,1994,22,92.0,20,46,7,15,6,8,9,31,1,2,3,15,15,53,0.435,0.467,0.75,"Jan 25, 1969",Levice,Slovakia,48.218849541876246,18.53421138585192,1990's,4.2,2.4,0.0,1.4,1
Andrew Gaze,2,1994,1999,26,128.0,16,42,9,24,2,2,3,12,11,4,2,7,16,43,.381,.375,1.000,"Jul 24, 1965",Melbourne,Australia,-37.819986180593745,144.8523943850462,1990's,4.9,1.7,0.4,0.5,1
Geert Hammink,3,1994,1996,8,27.0,4,10,0.0,0.0,6,9,3.0,7,2,0.0,0.0,2.0,4,14,0.4,,0.667,"Jul 12, 1969",Didam,Netherlands,51.9502281834472,5.966642730717957,1990's,3.4,1.8,0.2,0.9,1
Gheorghe Mureșan,6,1994,2000,307,6729.0,1265,2206,0,1,490,761,658,1957,150,171,455,446,958,3020,0.573,0.0,0.644,"Feb 14, 1971",Triteni,Romania,44.45636972519297,26.092649572528956,1990's,21.9,9.8,0.5,6.4,1
Toni Kukoč,13,1994,2006,846,22212.0,3633,8127,731,2184,1813,2487,1016,3555,3119,817,290,1544,1465,9810,0.447,0.335,0.7290000000000001,"Sep 18, 1968",Split,Croatia,43.36895406875485,16.26480004122729,1990's,26.3,11.6,3.7,4.2,1
Shawn Bradley,12,1994,2005,832,19531.0,2713,5935,4,39,1322,1847,1743,5268,573,532,2119,1059,2567,6752,.457,.103,.716,"Mar 22, 1972",Landstuhl,Germany,49.37840573208513,7.642724612945239,1990's,23.5,8.1,0.7,6.3,1
Dino Radja  *,4,1994,1997,224,7308.0,1516,3052,0,3,701,954,497,1883,356,201,282,495,745,3733,0.49700000000000005,0.0,0.735,"Apr 24, 1967",Split,Croatia,43.39015277546256,16.46039186534552,1990's,32.6,16.7,1.6,8.4,1
Andrés Guibert,2,1994,1995,22,200.0,22,67,0,4,16,25,26,61,12,8.0,2.0,18,35,60,0.32799999999999996,0.0,0.64,"Oct 28, 1968",Havana,Cuba,22.238361539817546,113.52109943064919,1990's,9.1,2.7,0.5,2.8,1
Sergei Bazarevich,1,1995,1995,10,74.0,11,22,1.0,6.0,7,9,1.0,7,14,1.0,1.0,7.0,10,30,0.5,0.16699999999999998,0.778,"Mar 16, 1965",Moscow,Russian Federation,55.682929510302515,37.506114862409994,1990's,7.4,3.0,1.4,0.7,1
Žan Tabak,6,1995,2001,247,3607.0,537,1062,0,3,159,303,325,883,165,65,126,269,577,1233,0.506,0.0,0.525,"Jun 15, 1970",Split,Croatia,43.43863823799734,16.495567576799214,1990's,14.6,5.0,0.7,3.6,1
Julius Nwosu,1,1995,1995,23,84.0,9,28,0,0,13,17,11,24,3,0,3,9,20,31,0.321,,0.765,"May 1, 1971",Nkwere,Nigeria,6.269179637740073,7.177980337299992,1990's,3.7,1.3,0.1,1.0,1
Yinka Dare,4,1995,1998,110,1002.0,86,217,0,0,61,107,101,281,4,12,70,96,179,233,0.396,,0.57,"Oct 10, 1972",Kano,Nigeria,11.972515602078948,8.511751310805376,1990's,9.1,2.1,0.0,2.6,1
George Zídek,3,1996,1998,135,1328.0,161,395,1,4,130,166,108,286,32,14,12,69,241,453,0.408,0.25,0.7829999999999999,"Aug 2, 1973",Zlin,Czech Republic,49.3074940209505,17.61783259157009,1990's,9.8,3.4,0.2,2.1,1
Stefano Rusconi,1,1996,1996,7,30.0,3,9,0.0,0.0,2,5,3.0,6,3,0.0,2.0,3.0,10,8,0.33299999999999996,,0.4,"Oct 2, 1968",Bassano del Grappa,Italy,45.90341580916944,11.811938083019653,1990's,4.3,1.1,0.4,0.9,1
Charles Claxton,1,1996,1996,3,7.0,1,2,0,0,0,2,2,2,0,0,1,1,4,2,0.5,,0.0,"Dec 13, 1970",St. Thomas,U.S. Virgin Islands,18.27234414702863,-64.90987882755206,1990's,2.3,0.7,0.0,0.7,1
Arvydas Sabonis  *,7,1996,2003,470,11375.0,2082,4160,136,415,1329,1690,734,3436,964,370,494,837,1290,5629,0.5,0.32799999999999996,0.7859999999999999,"Dec 19, 1964",Kaunas,Lithuania,54.74315051438629,23.90413595923421,1990's,24.2,12.0,2.1,7.3,1
Sasha Danilović,2,1996,1997,75,2331.0,331,754,119,314,176,223,41,182,149,69,12,153,209,957,0.439,0.379,0.789,"Feb 26, 1970",Sarajevo,Bosnia and Herzegovina,43.95507355496218,18.37815768294813,1990's,31.1,12.8,2.0,2.4,1
Rastko Cvetković,1,1996,1996,14,48.0,5,16,0,1,0,4,4,11,3,2,1,3,11,10,.313,.000,.000,"Jun 22, 1970",Belgrade,Serbia,44.77256891978561,20.396857023568444,1990's,3.4,0.7,0.2,0.8,1
Vincenzo Esposito,1,1996,1996,30,282.0,36,100,13.0,56.0,31,39,4.0,16,23,7.0,0.0,39.0,27,116,0.36,0.23199999999999998,0.795,"Mar 1, 1969",Caserta,Italy,41.23426695117488,14.15450082468121,1990's,9.4,3.9,0.8,0.5,1
Shane Heal,2,1997,2004,49,308.0,33,121,24,83,7,10,3,22,38,4,3,22,22,97,.273,.289,.700,"Sep 6, 1970",Melbourne,Australia,-37.7711725617386,144.958835342285,1990's,6.3,2.0,0.8,0.4,1
Martin Müürsepp,2,1997,1998,83,951.0,137,322,20,62,95,137,81,181,50,41,25,47,154,389,0.425,0.32299999999999995,0.693,"Sep 26, 1974",Tallinn,Estonia,59.427645510646464,24.67317687896201,1990's,11.5,4.7,0.6,2.2,1
Steve Nash  *,18,1997,2014,1217,38069.0,6321,12892,1685,3939,3060,3384,643,3642,10335,899,102,3478,1982,17387,0.49,0.428,0.904,"Feb 7, 1974",Johannesburg,South Africa,-26.045576405637565,28.119744568643465,1990's,31.3,14.3,8.5,3.0,1
Horacio Llamas Grey,2,1997,1998,28,143.0,23,49,1,3,11,18,8,36,5,11,8,20,39,58,0.469,0.33299999999999996,0.611,"Jul 17, 1973",El Rosario,Mexico,28.072967827446284,-109.40770544914571,1990's,5.1,2.1,0.2,1.3,1
Vitaly Potapenko,11,1997,2007,610,11608.0,1639,3424,1,6,716,1031,1067,2725,418,258,209,786,1537,3995,0.479,0.16699999999999998,0.6940000000000001,"Mar 21, 1975",Kiev,Ukraine,50.59341574725601,30.46482236387636,1990's,19.0,6.5,0.7,4.5,1
Mark Bradtke,1,1997,1997,36,251.0,25,58,0,0,9,13,26,68,7,5,5,9,34,59,.431,,.692,"Sep 27, 1968",Adelaide,Australia,-34.947562639332304,138.63967664813268,1990's,7.0,1.6,0.2,1.9,1
Aleksandar Đorđević,1,1997,1997,8,61.0,8,16,5,7,4,5,1,5,5,0,0,5,3,25,.500,.714,.800,"Aug 26, 1967",Belgrade,Serbia,44.830627516255205,20.539759002946216,1990's,7.6,3.1,0.6,0.6,1
Michael Stewart,8,1998,2005,286,3303.0,246,556,0,0,131,251,349,907,88,56,278,142,557,623,.442,,.522,"Apr 25, 1975",Cucq-Trepied-Stella-Plage,France,50.43596913235872,1.5824123915135109,1990's,11.5,2.2,0.3,3.2,1
Chris Anstey,3,1998,2000,155,2157.0,303,734,4,29,203,269,178,534,127,78,65,147,373,813,.413,.138,.755,"Jan 1, 1975",Melbourne,Australia,-37.988737743542956,145.14717740895946,1990's,13.9,5.2,0.8,3.4,1
Tariq Abdul-Wahad,6,1998,2003,236,4807.0,720,1726,18,76,372,529,286,776,266,184,83,309,485,1830,.417,.237,.703,"Nov 3, 1974",Maisons Alfort,France,48.85316462634066,2.4761522438699877,1990's,20.4,7.8,1.1,3.3,1
Marko Milič,2,1998,1999,44,216.0,47,84,3,7,11,17,13,30,14,13,1,27,24,108,0.56,0.429,0.647,"May 7, 1977",Kranj,Slovenia,46.1032056463418,14.286814832894535,1990's,4.9,2.5,0.3,0.7,1
Adonal Foyle,12,1998,2009,733,13060.0,1318,2766,0,2,353,707,1301,3461,344,264,1193,597,1575,2989,0.47700000000000004,0.0,0.499,"Mar 9, 1975",Canouan,Saint Vincent and the Grenadines,12.56558081715618,-61.38171063020177,1990's,17.8,4.1,0.5,4.7,1
Zydrunas Ilgauskas,13,1998,2011,843,22965.0,4207,8842,31,100,2531,3243,2444,6191,955,421,1327,1509,2776,10976,0.47600000000000003,0.31,0.78,"Jun 5, 1975",Kaunas,Lithuania,54.95931831163741,23.801021693185074,1990's,27.2,13.0,1.1,7.3,1
Tim Duncan  *,19,1998,2016,1392,47368.0,10285,20334,30,168,5896,8468,3859,15091,4225,1025,3020,3381,3304,26496,0.506,0.179,0.696,"Apr 25, 1976",St. Croix,U.S. Virgin Islands,17.8033936490295,-64.81983758359733,1990's,34.0,19.0,3.0,10.8,1
Sean Marks,11,1999,2011,230,2275.0,259,578,5,25,115,173,158,501,50,33,87,116,342,638,0.44799999999999995,0.2,0.665,"Aug 23, 1975",Auckland,New Zealand,-36.561185128494145,174.67516877149376,1990's,9.9,2.8,0.2,2.2,1
Michael Olowokandi,9,1999,2007,500,13129.0,1788,4109,0,0,559,936,951,3414,327,226,697,898,1518,4135,0.435,,0.597,"Apr 3, 1975",Lagos,Nigeria,6.49995069929394,3.3376026566657617,1990's,26.3,8.3,0.7,6.8,1
Peter Aluma,1,1999,1999,2,5.0,1,2,0,0,0,0,1,2,0,1,1,2,4,2,0.5,,,"Apr 23, 1973",Lagos,Nigeria,6.530274995901975,3.395300620886014,1990's,2.5,1.0,0.0,1.0,1
Bruno Šundov,7,1999,2005,102,524.0,79,222,5,24,10,19,32,107,18,15,14,30,106,173,0.35600000000000004,0.20800000000000002,0.526,"Feb 10, 1980",Split,Croatia,43.39594003314268,16.45079332759217,1990's,5.1,1.7,0.2,1.0,1
Miles Simon,1,1999,1999,5,19.0,1,5,0,2,0,0,1,2,0,1,0,3,1,2,0.2,0.0,,"Nov 21, 1975",Stockholm,Sweden,59.365725689737936,18.056726602248048,1990's,3.8,0.4,0.0,0.4,1
Peja Stojaković,13,1999,2011,804,26966.0,4825,10719,1760,4392,2237,2500,747,3782,1408,747,106,1090,1398,13647,0.45,0.401,0.895,"Jun 9, 1977",Slavonska Pozega,Croatia,45.38439432813537,17.65833767901583,1990's,33.5,17.0,1.8,4.7,1
Rasho Nesterović,12,1999,2010,811,17983.0,2570,5121,1,13,378,646,1513,4143,836,330,934,748,2187,5519,0.502,0.077,0.585,"May 30, 1976",Ljubljana,Slovenia,46.00983878772587,14.613649489609646,1990's,22.2,6.8,1.0,5.1,1
Makhtar N'Diaye,1,1999,1999,4,27.0,1,4,0,0,3,4,3,5,1,0,1,1,9,5,0.25,,0.75,"Dec 12, 1973",Dakar,Senegal,14.669884511243538,-17.420756628610164,1990's,6.8,1.2,0.2,1.2,1
Felipe López,4,1999,2002,249,4145.0,550,1274,48,147,300,455,212,604,252,161,62,254,451,1448,0.43200000000000005,0.327,0.659,"Dec 19, 1974",Santo Domingo,Dominican Republic,18.42371243545034,-70.06203010906357,1990's,16.6,5.8,1.0,2.4,1
Dirk Nowitzki,21,1999,2019,1522,51368.0,11169,23734,1982,5210,7240,8239,1468,11489,3651,1210,1281,2494,3601,31560,.471,.380,.879,"Jun 19, 1978",Wurzburg,Germany,49.851646143331735,9.987366794639343,1990's,33.8,20.7,2.4,7.5,1
Aleksandar Radojević,2,2000,2005,15,152.0,8,26,0,0,10,16,11,36,7,2,3,20,37,26,0.308,,0.625,"Aug 8, 1976",Herceg Novi,Montenegro,42.58966735464776,18.512207116613595,2000's,10.1,1.7,0.5,2.4,1
Lazaro Borrell,1,2000,2000,17,167.0,28,63,0,3,6,11,14,40,10,6.0,3.0,6,9,62,0.444,0.0,0.545,"Sep 20, 1972",Santa Clara,Cuba,22.424300041559274,-79.95028747509333,2000's,9.8,3.6,0.6,2.4,1
Obinna Ekezie,4,2000,2005,143,1516.0,165,390,0,1,180,250,146,383,31,38,27,95,254,510,0.423,0.0,0.72,"Aug 22, 1975",Port Harcourt,Nigeria,4.479019477893308,7.035903020893526,2000's,10.6,3.6,0.2,2.7,1
Mirsad Türkcan,1,2000,2000,17,90.0,14,38,0,6,5,8,13,33,5,3,1,8,14,33,.368,.000,.625,"Jun 7, 1976",Novi Pazar,Serbia,43.24831203877451,20.55068152702177,2000's,5.3,1.9,0.3,1.9,1
Wally Szczerbiak,10,2000,2009,651,20052.0,3486,7193,590,1453,1633,1899,671,2602,1532,388,160,970,1380,9195,0.485,0.406,0.86,"Mar 5, 1977",Madrid,Spain,40.40252661620012,-3.6254921810993284,2000's,30.8,14.1,2.4,4.0,1
Todd MacCulloch,4,2000,2003,223,3439.0,568,1049,0,0,233,363,340,888,121,61,177,154,478,1369,.541,,.642,"Jan 27, 1976",Winnipeg,Canada,49.91516162146019,-97.19438231112298,2000's,15.4,6.1,0.5,4.0,1
Jason Miskiri,1,2000,2000,1,3.0,0,1,0,1,0,0,0,0,1,0,0,0,2,0,0.0,0.0,,"Aug 19, 1975",Georgetown,Guyana,6.845997676317909,-58.18977107490317,2000's,3.0,0.0,1.0,0.0,1
Soumaila Samake,2,2001,2003,47,303.0,28,72,0,0,12,26,32,76,5,2,19,6,36,68,0.389,,0.462,"Mar 18, 1978",Bougouni,Mali,11.368098504880768,-7.456139565910458,2000's,6.4,1.4,0.1,1.6,1
Jamaal Magloire,12,2001,2012,680,14621.0,1763,3675,0,7,1391,2176,1418,4408,386,224,603,998,1792,4917,.480,.000,.639,"May 21, 1978",Toronto,Canada,43.62592460707837,-79.46551645338651,2000's,21.5,7.2,0.6,6.5,1
Hedo Türkoğlu,15,2001,2015,997,26695.0,3851,9034,1246,3246,2074,2645,647,3971,2832,750,299,1578,2403,11022,0.426,0.384,0.784,"Mar 19, 1979",Istanbul,Turkey,41.035954771027605,28.8927200399587,2000's,26.8,11.1,2.8,4.0,1
Mamadou N'Diaye,5,2001,2005,69,858.0,85,199,0,1,92,125,88,225,8,17,64,40,146,262,0.42700000000000005,0.0,0.736,"Jun 16, 1975",Dakar,Senegal,14.792633243098935,-17.507436392134483,2000's,12.4,3.8,0.1,3.3,1
Raja Bell,12,2001,2012,706,19813.0,2581,5949,956,2357,880,1101,408,1968,1208,484,130,695,1840,6998,0.434,0.406,0.799,"Sep 19, 1976",St. Croix,U.S. Virgin Islands,17.754289565072362,-64.50333298458447,2000's,28.1,9.9,1.7,2.8,1
Dragan Tarlać,1,2001,2001,43,598.0,39,99,0,0,25,33,37,122,31,7,19,38,95,103,.394,,.758,"May 9, 1973",Belgrade,Serbia,45.01431075835726,20.646224443696187,2000's,13.9,2.4,0.7,2.8,1
Rubén Wolkowyski,2,2001,2003,41,329.0,27,83,0,3,26,38,12,47,4,6,18,13,41,80,0.325,0.0,0.684,"Sep 30, 1973","Buenos Aires,",Argentina,-34.652350117930396,-58.376340075854,2000's,8.0,2.0,0.1,1.1,1
Garth Joseph,1,2001,2001,4,16.0,1,5,0,0,0,2,2,2,1,0,1,2,1,2,0.2,,0.0,"Aug 8, 1973",Roseau,Dominica,15.355996153190393,-61.41774153407793,2000's,4.0,0.5,0.2,0.5,1
Jérôme Moïso,5,2001,2005,145,1392.0,158,323,0,3,70,118,126,395,38,45,68,104,183,386,.489,.000,.593,"Jun 15, 1978",Paris,France,49.00538409626995,2.4575973473254984,2000's,9.6,2.7,0.3,2.7,1
Eduardo Nájera,12,2001,2012,619,11213.0,1204,2505,110,354,534,796,897,2307,493,446,231,402,1378,3052,0.48100000000000004,0.311,0.6709999999999999,"Jul 11, 1976",Meoqui,Mexico,28.212113257680937,-105.63817485673374,2000's,18.1,4.9,0.8,3.7,1
Hanno Möttölä,2,2001,2002,155,2360.0,292,661,1,16,130,166,130,442,75,31,28,137,337,715,0.442,0.063,0.7829999999999999,"Sep 9, 1976",Helsinki,Finland,60.292467557014156,24.908142960970956,2000's,15.2,4.6,0.5,2.9,1
Wang Zhizhi,5,2001,2005,137,1256.0,213,511,70.0,182.0,108,147,56.0,231,39,25.0,35.0,68.0,155,604,0.41700000000000004,0.385,0.735,"Jul 8, 1977",Beijing,China,39.80428955114952,116.76950841072195,2000's,9.2,4.4,0.3,1.7,1
Stanislav Medvedenko,7,2001,2007,263,3340.0,590,1311,2,13,208,281,335,744,136,88,42,159,518,1390,0.45,0.154,0.74,"Apr 4, 1979",Karapyshi,Ukraine,49.661613647417816,30.67938494232068,2000's,12.7,5.3,0.5,2.8,1
Rubén Garcés,1,2001,2001,13,73.0,7,22,0,0,2,8,16,29,5,3,2,5,14,16,0.318,,0.25,"Oct 17, 1973",Colon,Panama,9.335766352254291,-79.83601975248256,2000's,5.6,1.2,0.4,2.2,1
Olumide Oyedeji,3,2001,2003,93,587.0,50,101,0,0,27,41,61,196,11,16,15,30,106,127,0.495,,0.659,"May 11, 1981",Ibadan,Nigeria,7.228823376608312,4.027509013223868,2000's,6.3,1.4,0.1,2.1,1
Pepe Sánchez,2,2001,2003,38,187.0,9,33,0,1,2,2,7,21,49,16,1,8,24,20,0.273,0.0,1.0,"May 8, 1977",Bahia Blanca,Argentina,-38.65825918206344,-62.143599165485206,2000's,4.9,0.5,1.3,0.6,1
Dalibor Bagarić,3,2001,2003,95,973.0,97,269,0,2,57,102,84,238,37,29,43,72,163,251,.361,.000,.559,"Feb 7, 1980",Munich,Germany,48.09650835524886,11.679512446529083,2000's,10.2,2.6,0.4,2.5,1
Jake Tsakalidis,7,2001,2007,315,5005.0,580,1184,0,1,337,513,436,1238,101,73,223,268,689,1497,0.49,0.0,0.657,"Jun 10, 1979",Rustavi,Georgia,41.40453443291282,45.0010272314327,2000's,15.9,4.8,0.3,3.9,1
Carlos Arroyo,9,2002,2011,569,10651.0,1431,3269,137,405,771,956,210,965,1761,290,26,680,874,3770,0.43799999999999994,0.33799999999999997,0.8059999999999999,"Jul 30, 1979",Fajardo,Puerto Rico,18.211988477675664,-65.63978321086735,2000's,18.7,6.6,3.1,1.7,1
Óscar Torres,2,2002,2003,82,1184.0,151,377,44,139,96,125,50,134,43,29,11,57,73,442,0.401,0.317,0.768,"Dec 18, 1976",Caracas,Venezuela,10.438088604001292,-66.88592315825531,2000's,14.4,5.4,0.5,1.6,1
Primož Brezec,8,2002,2010,342,6192.0,1012,2034,1,6,427,609,563,1327,179,69,134,274,730,2452,0.498,0.16699999999999998,0.701,"Oct 2, 1979",Postojna,Slovenia,45.78062222893929,14.139126585757449,2000's,18.1,7.2,0.5,3.9,1
Predrag Drobnjak,4,2002,2005,278,5542.0,903,2125,66,194,315,394,313,973,225,132,117,242,512,2187,0.425,0.34,0.799,"Oct 27, 1975",Bijelo Polje,Montenegro,43.11064653798387,19.902564735981567,2000's,19.9,7.9,0.8,3.5,1
Antonis Fotsis,1,2002,2002,28,320.0,42,104,7,23,17,20,25,62,10,9,11,21,22,108,0.40399999999999997,0.304,0.85,"Apr 1, 1981",Athens,Greece,38.09859056847176,23.722947937118594,2000's,11.4,3.9,0.4,2.2,1
DeSagana Diop,12,2002,2013,601,8403.0,503,1177,1,6,178,381,834,2219,270,227,630,355,1219,1185,0.42700000000000005,0.16699999999999998,0.467,"Jan 30, 1982",Dakar,Senegal,14.458865897695892,-17.331203513835675,2000's,14.0,2.0,0.4,3.7,1
Ruben Boumtje-Boumtje,3,2002,2004,44,276.0,14,38,0,0,15,27,22,57,6,4,17,14,40,43,0.368,,0.556,"May 20, 1978",Edea,Cameroon,3.790342711556654,10.173490877421642,2000's,6.3,1.0,0.1,1.3,1
Samuel Dalembert,13,2002,2015,886,21646.0,2810,5393,1,12,1193,1689,2289,6942,465,437,1546,1271,2601,6814,0.521,0.083,0.706,"May 10, 1981",Port-Au-Prince,Haiti,18.568176844443812,-72.50308636300525,2000's,24.4,7.7,0.5,7.8,1
Željko Rebrača,5,2002,2006,215,3280.0,488,926,0,0,300,379,196,688,88,57,160,203,512,1276,.527,,.792,"Apr 9, 1972",Apatin,Serbia,45.50056534187191,19.09538332068407,2000's,15.3,5.9,0.4,3.2,1
Mengke Bateer,3,2002,2004,46,494.0,61,156,5.0,15.0,29,39,39.0,114,27,11.0,5.0,40.0,118,156,0.391,0.33299999999999996,0.7440000000000001,"Nov 20, 1975",Beijing,China,39.84340467288525,116.69202673948963,2000's,10.7,3.4,0.6,2.5,1
Pau Gasol,18,2002,2019,1226,41001.0,7980,15729,179,486,4755,6311,3085,11305,3925,606,1941,2638,2632,20894,0.507,0.368,0.753,"Jul 6, 1980",Barcelona,Spain,41.449689788559375,2.4349159903119237,2000's,33.4,17.0,3.2,9.2,1
Andrei Kirilenko,13,2002,2015,797,23916.0,3146,6637,367.0,1185.0,2772,3675,1400.0,4352,2169,1097.0,1461.0,1518.0,1605,9431,0.474,0.31,0.754,"Feb 18, 1981",Izhevsk,Russian Federation,56.96062538079134,53.188363135192546,2000's,30.0,11.8,2.7,5.5,1
Ratko Varda,1,2002,2002,1,6.0,2,3,0,0,1,1,0,1,0,0,0,1,3,5,0.667,,1.0,"May 6, 1979",Bosanska Gradiska,Bosnia and Herzegovina,45.135276804738865,17.333200985785275,2000's,6.0,5.0,0.0,1.0,1
Vladimir Radmanović,12,2002,2013,737,16164.0,2148,5177,971,2567,612,807,654,2784,998,537,263,837,1552,5879,0.415,0.37799999999999995,0.758,"Nov 19, 1980",Trebinje,Bosnia and Herzegovina,42.54588914777895,18.315298404266635,2000's,21.9,8.0,1.4,3.8,1
Alvin Jones,1,2002,2002,23,126.0,8,20,0,0,10,20,13,36,3,3,9,11,35,26,0.4,,0.5,"Sep 9, 1978",Luxembourg,Luxembourg,49.63078577727892,6.186345004553197,2000's,5.5,1.1,0.1,1.6,1
Tony Parker,18,2002,2019,1254,38279.0,7777,15830,519,1603,3400,4525,441,3396,7036,1053,98,2865,2059,19473,0.491,0.324,0.7509999999999999,"May 17, 1982",Bruges,Belgium,51.38120564378261,3.241733117536997,2000's,30.5,15.5,5.6,2.7,1
Pat Burke,3,2003,2007,127,1293.0,199,488,9,36,61,92,90,266,44,28,40,87,180,468,0.408,0.25,0.6629999999999999,"Dec 14, 1973",Dublin,Ireland,53.3708708162445,-6.232217252340868,2000's,10.2,3.7,0.3,2.1,1
Cezary Trybański,2,2003,2004,22,101.0,5,24,0,0,5,12,6,15,1,1,7,10,16,15,0.20800000000000002,,0.41700000000000004,"Sep 22, 1979",Warsaw,Poland,52.099579884940184,20.86987763506997,2000's,4.6,0.7,0.0,0.7,1
Carlos Boozer,13,2003,2015,861,26901.0,5847,11221,1,14,2281,3158,2037,8192,1928,765,346,1824,2612,13976,.521,.071,.722,"Nov 20, 1981",Aschaffenburg,Germany,49.93852887212221,9.217481007498384,2000's,31.2,16.2,2.2,9.5,1
Boštjan Nachbar,6,2003,2008,317,5628.0,744,1834,325,867,439,560,126,836,283,135,84,280,698,2252,0.406,0.375,0.784,"Jul 3, 1980",Slovenj Gradec,Slovenia,46.54394949227732,15.134645265788434,2000's,17.8,7.1,0.9,2.6,1
Marko Jarić,7,2003,2009,447,11246.0,1190,2944,289,840,524,718,274,1200,1600,583,128,708,967,3193,.404,.344,.730,"Oct 12, 1978",Belgrade,Serbia,44.663214748082716,20.52579376754808,2000's,25.2,7.1,3.6,2.7,1
Nenê Hilário,17,2003,2019,965,25237.0,4175,7621,7,53,2552,3864,1688,5828,1719,1041,721,1688,2934,10909,0.5479999999999999,0.132,0.66,"Sep 13, 1982",Sao Carlos,Brazil,-22.042116309461882,-47.727341589902714,2000's,26.2,11.3,1.8,6.0,1
Igor Rakočević,1,2003,2003,42,244.0,22,58,5,12,29,36,4,17,33,4,0,23,25,78,.379,.417,.806,"Mar 29, 1978",Belgrade,Serbia,44.82572148725805,20.560161090952107,2000's,5.8,1.9,0.8,0.4,1
Mehmet Okur,10,2003,2012,634,18429.0,3028,6615,596,1590,1909,2396,1261,4436,1089,329,453,991,1815,8561,0.45799999999999996,0.375,0.797,"May 26, 1979",Yalova,Turkey,40.69521840790684,29.0719641198464,2000's,29.1,13.5,1.7,7.0,1
Robert Archibald,2,2003,2004,44,328.0,15,53,0.0,0.0,21,49,27.0,69,16,14.0,6.0,17.0,59,51,0.28300000000000003,,0.429,"Mar 29, 1980",Paisley,United Kingdom,55.76758286221833,-4.489171741822998,2000's,7.5,1.2,0.4,1.6,1
Nikoloz Tskitishvili,4,2003,2006,172,1946.0,190,626,43,183,84,115,109,307,114,46,50,126,227,507,0.304,0.235,0.73,"Apr 14, 1983",Tbilisi,Georgia,41.49697496056456,44.75269866329952,2000's,11.3,2.9,0.7,1.8,1
Yao Ming  *,8,2003,2011,486,15818.0,3380,6445,2.0,10.0,2485,2984,1233.0,4494,769,189.0,920.0,1311.0,1596,9247,0.524,0.2,0.833,"Sep 12, 1980",Shanghai,China,31.22091085982342,121.416970890079,2000's,32.5,19.0,1.6,9.2,1
Manu Ginóbili,16,2003,2018,1057,26859.0,4584,10262,1495,4055,3380,4089,685,3697,4001,1392,319,2116,2212,14043,0.447,0.369,0.8270000000000001,"Jul 28, 1977",Bahia Blanca,Argentina,-38.512117022402236,-62.23002421290269,2000's,25.4,13.3,3.8,3.5,1
Predrag Savović,1,2003,2003,27,256.0,29,93,4,26,21,29,9,25,22,14,1,21,33,83,0.312,0.154,0.7240000000000001,"May 21, 1976",Pula,Croatia,44.910141359911314,13.62386124940585,2000's,9.5,3.1,0.8,0.9,1
Jiří Welsch,4,2003,2006,247,4596.0,516,1280,118,344,369,491,120,602,375,187,15,262,394,1519,0.40299999999999997,0.34299999999999997,0.752,"Jan 27, 1980",Pardubice,Czech Republic,50.040717535801456,15.831208010524213,2000's,18.6,6.1,1.5,2.4,1
Efthimi Rentzias,1,2003,2003,35,144.0,20,59,4,8,8,9,10,26,7,6,2,4,21,52,0.33899999999999997,0.5,0.889,"Jan 11, 1976",Trikala,Greece,39.71118553581029,21.756275438241577,2000's,4.1,1.5,0.2,0.7,1
Dan Gadzuric,10,2003,2012,527,7793.0,1049,2100,0.0,8.0,367,737,910.0,2326,196,242.0,448.0,357.0,1250,2465,0.5,0.0,0.498,"Feb 2, 1978",Den Haag,Netherlands,52.124792526584635,4.29533587808374,2000's,14.8,4.7,0.4,4.4,1
Antoine Rigaudeau,1,2003,2003,11,91.0,8,35,1,5,0,0,4,8,6,3,0,6,11,17,.229,.200,,"Dec 17, 1971",Cholet,France,46.97693836136449,-0.9395809498859318,2000's,8.3,1.5,0.5,0.7,1
Gordan Giriček,6,2003,2008,384,8824.0,1424,3225,289,786,533,648,167,941,584,222,47,517,749,3670,0.442,0.368,0.823,"Jun 20, 1977",Zagreb,Croatia,45.76831951226648,16.07574122541653,2000's,23.0,9.6,1.5,2.5,1
Boris Diaw,14,2004,2017,1064,28768.0,3805,7711,475,1413,1054,1470,1258,4634,3684,648,510,1897,2269,9139,.493,.336,.717,"Apr 16, 1982",Cormeilles-en-Parisis,France,48.8992791450742,2.1826096907518915,2000's,27.0,8.6,3.5,4.4,1
Slavko Vraneš,1,2004,2004,1,3.0,0,1,0,0,0,0,0,0,0,0,0,0,1,0,.000,,,"Jan 30, 1983",Belgrade,Serbia,44.859227308341545,20.40978069134501,2000's,3.0,0.0,0.0,0.0,1
Raül López,2,2004,2005,113,2135.0,280,652,45,130,128,150,31,194,428,84,5,221,278,733,0.429,0.34600000000000003,0.853,"Apr 15, 1980",Vic,Spain,41.94891615173014,2.314613820882613,2000's,18.9,6.5,3.8,1.7,1
Darko Miličić,10,2004,2013,468,8638.0,1196,2602,0,6,421,734,628,1971,405,206,613,573,1065,2813,.460,.000,.574,"Jun 20, 1985",Novi Sad,Serbia,45.18954326087867,19.827190175635977,2000's,18.5,6.0,0.9,4.2,1
Alex Garcia,2,2004,2005,10,159.0,19,59,5,18,4,6,7,15,18,6,1,9,15,47,0.322,0.278,0.667,"Mar 4, 1980",Orlandia,Brazil,-20.664797988979586,-47.88474474115272,2000's,15.9,4.7,1.8,1.5,1
Leandro Barbosa,14,2004,2017,850,18386.0,3403,7409,988,2556,1241,1511,319,1720,1775,693,121,1061,1651,9035,0.45899999999999996,0.387,0.821,"Nov 28, 1982",Sao Paulo,Brazil,-23.415294014970183,-46.49292659248744,2000's,21.6,10.6,2.1,2.0,1
Sasha Pavlović,10,2004,2013,567,8888.0,1070,2651,308,890,339,504,188,1000,517,272,98,460,1026,2787,0.40399999999999997,0.34600000000000003,0.6729999999999999,"Nov 15, 1983",Bar,Montenegro,42.10499144969307,18.98475454284238,2000's,15.7,4.9,0.9,1.8,1
Zoran Planinić,3,2004,2006,148,1584.0,197,486,37,128,130,192,47,198,165,58,7,120,237,561,0.405,0.289,0.677,"Sep 12, 1982",Mostar,Bosnia and Herzegovina,43.25132012577848,17.870480749563676,2000's,10.7,3.8,1.1,1.3,1
Darius Songaila,8,2004,2011,495,9229.0,1449,2904,3,19,514,609,553,1689,589,324,106,486,1197,3415,0.499,0.158,0.8440000000000001,"Feb 14, 1978",Marijampole,Lithuania,54.28030858214775,23.36859545643889,2000's,18.6,6.9,1.2,3.4,1
Zaza Pachulia,16,2004,2019,1098,22240.0,2608,5559,0,31,2198,2927,2362,6315,1433,768,378,1444,2738,7414,0.469,0.0,0.7509999999999999,"Feb 10, 1984",Tbilisi,Georgia,41.9252673039915,44.701565795547246,2000's,20.3,6.8,1.3,5.8,1
Žarko Čabarkapa,3,2004,2006,150,1550.0,234,548,24,88,148,202,98,312,85,33,25,119,221,640,.427,.273,.733,"May 21, 1981",Zrenjanin,Serbia,45.48285150058343,20.492162783924222,2000's,10.3,4.3,0.6,2.1,1
Mickaël Piétrus,10,2004,2013,557,11950.0,1625,3821,679,1910,700,1053,440,1723,445,371,230,576,1270,4629,0.425,0.355,0.665,"Feb 7, 1982",Les Abymes,Guadeloupe,16.329790986735567,-61.56679424033133,2000's,21.5,8.3,0.8,3.1,1
Francisco Elson,9,2004,2012,472,7207.0,725,1517,3.0,16.0,273,390,497.0,1638,260,228.0,255.0,355.0,1000,1726,0.478,0.188,0.7,"Feb 28, 1976",Rotterdam,Netherlands,51.87589683872345,4.478834336715966,2000's,15.3,3.7,0.6,3.5,1
Ndudi Ebi,2,2004,2005,19,86.0,17,35,0.0,1.0,6,13,8.0,19,4,1.0,5.0,6.0,13,40,0.486,0.0,0.462,"Jun 18, 1984",London,United Kingdom,51.56225927153323,-0.08454076458998569,2000's,4.5,2.1,0.2,1.0,1
Kirk Penney,2,2004,2005,6,30.0,2,9,1,4,0,0,0,2,2,1,0,5,1,5,0.222,0.25,,"Nov 23, 1980",Auckland,New Zealand,-36.773210299912826,174.98036304439586,2000's,5.0,0.8,0.3,0.3,1
Maciej Lampe,3,2004,2006,64,632.0,94,231,2,8,25,37,37,142,22,8,10,35,81,215,0.40700000000000003,0.25,0.6759999999999999,"Feb 5, 1985",Lodz,Poland,51.737736117476715,19.424096308237868,2000's,9.9,3.4,0.3,2.2,1
Yuta Tabuse,1,2005,2005,4,17.0,1,6,1,1,4,4,2,4,3,0,0,1,1,7,0.16699999999999998,1.0,1.0,"Oct 5, 1980",Yokohama,Japan,35.49136532423107,139.40216993013163,2000's,4.2,1.8,0.8,1.0,1
Sasha Vujačić,10,2005,2017,581,8908.0,1075,2757,533,1451,411,479,205,1093,748,336,34,328,880,3094,0.39,0.36700000000000005,0.858,"Mar 8, 1984",Maribor,Slovenia,46.480154123696856,15.744570033671282,2000's,15.3,5.3,1.3,1.9,1
Beno Udrih,13,2005,2017,831,18185.0,2740,5922,465,1334,1007,1209,308,1712,2858,576,71,1179,1275,6952,0.46299999999999997,0.349,0.833,"Jul 5, 1982",Celje,Slovenia,46.4004554242238,15.14210330159822,2000's,21.9,8.4,3.4,2.1,1
Ibo Kutluay,1,2005,2005,5,12.0,0,1,0,0,0,0,0,1,0,0,0,2,1,0,0.0,,,"Jul 1, 1974",Istanbul,Turkey,40.885923439685506,28.99345843767154,2000's,2.4,0.0,0.0,0.2,1
Andrés Nocioni,8,2005,2012,514,12013.0,1932,4478,587,1574,964,1206,354,2295,614,215,228,724,1394,5415,0.431,0.373,0.799,"Nov 30, 1979",Santa Fe,Argentina,-30.298558573251473,-61.26035014298697,2000's,23.4,10.5,1.2,4.5,1
Rafael Araújo,3,2005,2007,139,1585.0,156,385,1,4,76,112,124,395,41,51,16,111,300,389,0.405,0.25,0.679,"Aug 12, 1980",Curitiba,Brazil,-25.39489757442568,-49.276813356809114,2000's,11.4,2.8,0.3,2.8,1
Andris Biedriņš,10,2005,2014,516,11146.0,1432,2409,0,2,383,766,1190,3631,467,331,580,479,1626,3247,0.594,0.0,0.5,"Apr 2, 1986",Riga,Latvia,57.017358754608324,24.14351963933384,2000's,21.6,6.3,0.9,7.0,1
Anderson Varejão,13,2005,2017,627,15051.0,1804,3534,1,42,952,1509,1504,4511,734,537,405,592,1630,4561,0.51,0.024,0.631,"Sep 28, 1982",Santa Teresa,Brazil,-22.850782795034505,-43.14652453715649,2000's,24.0,7.3,1.2,7.2,1
Peter John Ramos,1,2005,2005,6,20.0,5,10,0,0,1,2,1,4,0,0,1,3,4,11,0.5,,0.5,"May 13, 1985",Fajardo,Puerto Rico,18.339367503039156,-65.66276754872703,2000's,3.3,1.8,0.0,0.7,1
Carlos Delfino,8,2005,2013,507,11580.0,1472,3669,678,1856,493,650,287,1815,887,461,88,509,827,4115,0.401,0.365,0.758,"Aug 29, 1982",Santa Fe,Argentina,-30.293254969628713,-61.18810338697807,2000's,22.8,8.1,1.7,3.6,1
Luol Deng,15,2005,2019,902,30941.0,5130,11257,658,1982,2443,3175,1462,5468,2042,880,444,1459,1499,13361,0.456,0.332,0.769,"Apr 16, 1985",Wau,South Sudan,7.726186641738494,28.03850963485001,2000's,34.3,14.8,2.3,6.1,1
Ha Seung-Jin,2,2005,2006,46,316.0,28,54,0,0,14,28,20,67,3,4,13,26,62,70,0.519,,0.5,"Aug 4, 1985",Seoul,Republic of Korea,37.32588977265737,126.9733702008731,2000's,6.9,1.5,0.1,1.5,1
Didier Ilunga-Mbenga,7,2005,2011,234,1566.0,180,383,0,2,54,89,129,351,41,37,141,87,286,414,0.47,0.0,0.607,"Dec 30, 1980",Kinshasa,Democratic Republic of the Congo,-4.252556387672121,15.211733189041551,2000's,6.7,1.8,0.2,1.5,1
Nenad Krstić,7,2005,2011,419,10547.0,1724,3493,2,14,760,1041,772,2261,346,162,286,497,1251,4210,.494,.143,.730,"Jul 25, 1983",Kraljevo,Serbia,43.70442017076791,20.82036271479746,2000's,25.2,10.0,0.8,5.4,1
Pavel Podkolzin,2,2005,2006,6,28.0,0,2,0.0,0.0,4,8,0.0,9,0,0.0,1.0,4.0,4,4,0.0,,0.5,"Jan 15, 1985",Novosibirsk,Russian Federation,54.886774850237536,82.85267151435623,2000's,4.7,0.7,0.0,1.5,1
Mario Kasun,2,2005,2006,73,569.0,78,167,0,1,42,66,76,188,11,10,16,41,155,198,0.467,0.0,0.636,"Apr 5, 1980",Split,Croatia,43.401620084357546,16.245390811375316,2000's,7.8,2.7,0.2,2.6,1
Pape Sow,3,2005,2007,76,879.0,79,190,0,0,61,90,78,214,12,34,24,41,166,219,0.41600000000000004,,0.6779999999999999,"Nov 22, 1981",Dakar,Senegal,14.832391748571668,-17.515069444843718,2000's,11.6,2.9,0.2,2.8,1
Ben Gordon,11,2005,2015,744,20366.0,3931,9092,1171.0,2921.0,2051,2394,333.0,1851,1868,508.0,114.0,1551.0,1720,11084,0.43200000000000005,0.401,0.857,"Apr 4, 1983",London,United Kingdom,51.32288429146501,-0.08543593264142149,2000's,27.4,14.9,2.5,2.5,1
Luis Flores,1,2005,2005,16,77.0,14,29,5,10,2,2,1,3,11,2,0,11,9,35,0.483,0.5,1.0,"Apr 11, 1981",San Pedro de Macoris,Dominican Republic,18.452701483969264,-69.59893740013264,2000's,4.8,2.2,0.7,0.2,1
Viktor Khryapa,4,2005,2008,143,2351.0,251,567,14,48,127,193,168,492,142,86,48,139,353,643,0.44299999999999995,0.292,0.6579999999999999,"Aug 3, 1982",Kiev,Ukraine,50.52215510374927,30.45944667125646,2000's,16.4,4.5,1.0,3.4,1
Francisco García,10,2006,2015,549,11853.0,1564,3659,581,1627,614,768,278,1400,747,441,388,545,1229,4323,0.42700000000000005,0.35700000000000004,0.799,"Dec 31, 1981",Santo Domingo,Dominican Republic,18.393262797473735,-69.87307931724372,2000's,21.6,7.9,1.4,2.6,1
Deng Gai,1,2006,2006,2,5.0,0,0,0,0,0,0,0,0,0,0,0,0,0,0,,,,"Mar 22, 1982",Wau,South Sudan,7.683061674610153,27.921039865546547,2000's,2.5,0.0,0.0,0.0,1
Sergei Monia,1,2006,2006,26,343.0,29,87,9.0,34.0,10,14,11.0,52,19,7.0,5.0,12.0,41,77,0.33299999999999996,0.265,0.7140000000000001,"Apr 15, 1983",Saratov,Russian Federation,51.37718426703992,46.21152586379948,2000's,13.2,3.0,0.7,2.0,1
Luke Schenscher,2,2006,2007,31,267.0,23,49,0,0,9,20,18,54,8,3,7,9,46,55,.469,,.450,"Dec 31, 1982",Hope Forest,Australia,-35.29123814274003,138.63781281466723,2000's,8.6,1.8,0.3,1.7,1
Yaroslav Korolev,2,2006,2007,34,168.0,13,46,3.0,12.0,10,16,6.0,16,13,6.0,0.0,7.0,11,39,0.28300000000000003,0.25,0.625,"May 7, 1987",Moscow,Russian Federation,55.772281591564884,37.611863735781235,2000's,4.9,1.1,0.4,0.5,1
Linas Kleiza,7,2006,2013,409,8185.0,1268,2912,387,1154,638,836,388,1470,321,159,73,409,886,3561,0.435,0.335,0.763,"Jan 3, 1985",Kaunas,Lithuania,54.831374922937165,24.126581292986604,2000's,20.0,8.7,0.8,3.6,1
Šarūnas Jasikevičius,2,2006,2007,138,2530.0,298,751,130,366,207,228,34,222,399,66,5,206,183,933,0.397,0.355,0.9079999999999999,"Mar 5, 1976",Kaunas,Lithuania,54.97751573128541,23.998504625469224,2000's,18.3,6.8,2.9,1.6,1
Martynas Andriuškevičius,1,2006,2006,6,9.0,0,1,0,0,0,0,1,4,0,2,0,0,1,0,0.0,,,"Mar 12, 1986",Kaunas,Lithuania,54.82192081082689,24.02469435095018,2000's,1.5,0.0,0.0,0.7,1
Fabricio Oberto,6,2006,2011,336,4871.0,481,835,0,4,119,193,443,1175,300,89,75,225,733,1081,0.5760000000000001,0.0,0.617,"Mar 21, 1975",Las Varillas,Argentina,-31.790539529874387,-62.69442302921593,2000's,14.5,3.2,0.9,3.5,1
Arvydas Macijauskas,1,2006,2006,19,135.0,14,41,3,12,13,15,3,10,5,7,0,8,10,44,0.341,0.25,0.867,"Jan 19, 1980",Klaipeda,Lithuania,55.718529864688584,21.15463392446304,2000's,7.1,2.3,0.3,0.5,1
Ronny Turiaf,10,2006,2015,473,8020.0,856,1607,0,7,497,782,520,1757,618,181,593,358,1116,2209,0.5329999999999999,0.0,0.636,"Jan 13, 1983",Le Robert,Martinique,14.628844288634523,-61.073800260100775,2000's,17.0,4.7,1.3,3.7,1
Rawle Marshall,2,2006,2007,63,602.0,56,149,5,21,53,74,16,60,23,20,12,34,39,170,0.376,0.23800000000000002,0.716,"Feb 20, 1982",Georgetown,Guyana,6.602735078074195,-58.29923920621909,2000's,9.6,2.7,0.4,1.0,1
Johan Petro,8,2006,2013,473,7262.0,976,2114,2,13,248,366,536,1836,227,193,234,374,1158,2202,.462,.154,.678,"Jan 27, 1986",Paris,France,48.782784254385334,2.465563476996502,2000's,15.4,4.7,0.5,3.9,1
Esteban Batista,2,2006,2007,70,576.0,42,96,0,1,37,60,68,174,11,18,11,42,124,121,0.43799999999999994,0.0,0.617,"Sep 2, 1983",Montevideo,Uruguay,-34.94100657124999,-56.19168827087536,2000's,8.2,1.7,0.2,2.5,1
José Calderón,14,2006,2019,895,23643.0,3038,6440,920,2260,925,1060,303,2148,5148,716,71,1339,1476,7921,0.47200000000000003,0.40700000000000003,0.873,"Sep 28, 1981",Villanueva de la Serena,Spain,38.95508225090189,-5.8670949015158484,2000's,26.4,8.9,5.8,2.4,1
Boniface N'Dong,1,2006,2006,23,152.0,22,53,0,1,6,9,15,37,7,2,5,6,23,50,0.415,0.0,0.667,"Mar 9, 1977",Dakar,Senegal,14.697433733180873,-17.381203601762824,2000's,6.6,2.2,0.3,1.6,1
Andrew Bogut,14,2006,2019,705,19862.0,2986,5585,3,25,833,1495,1754,6112,1546,442,1091,1204,2186,6808,.535,.120,.557,"Nov 28, 1984",Melbourne,Australia,-37.81337085367458,144.98318193563816,2000's,28.2,9.7,2.2,8.7,1
Damir Markota,1,2007,2007,30,170.0,19,52,6,16,7,11,11,31,6,3,1,15,22,51,0.365,0.375,0.636,"Dec 26, 1985",Sarajevo,Bosnia and Herzegovina,43.807770402119885,18.566073719870683,2000's,5.7,1.7,0.2,1.0,1
Mickaël Gelabale,3,2007,2013,145,2348.0,263,560,43,136,101,124,107,330,115,50,35,92,186,670,0.47,0.316,0.815,"May 22, 1983",Pointe Noire,Guadeloupe,16.117483185157088,-61.616611902761086,2000's,16.2,4.6,0.8,2.3,1
Uroš Slokar,1,2007,2007,20,72.0,14,26,1,2,9,13,7,14,1,1,2,9,11,38,0.5379999999999999,0.5,0.6920000000000001,"May 14, 1983",Ljubljana,Slovenia,46.0109039831571,14.673593744904004,2000's,3.6,1.9,0.0,0.7,1
Yakhouba Diawara,4,2007,2010,187,2614.0,233,653,122,405,67,103,77,258,122,52,16,72,276,655,.357,.301,.650,"Aug 29, 1982",Paris,France,48.74374258265721,2.320372341141481,2000's,14.0,3.5,0.7,1.4,1
Walter Herrmann,3,2007,2009,152,1939.0,312,681,114,299,81,103,78,319,66,31,12,61,143,819,0.45799999999999996,0.381,0.7859999999999999,"Jun 26, 1979",Venado Tuerto,Argentina,-33.760749071853155,-61.974540203591935,2000's,12.8,5.4,0.4,2.1,1
Mile Ilić,1,2007,2007,5,6.0,0,3,0,0,0,0,0,1,0,0,0,3,1,0,0.0,,,"Jun 2, 1984",Tuzla,Bosnia and Herzegovina,44.6941617681442,18.574007433448035,2000's,1.2,0.0,0.0,0.2,1
Sergio Rodríguez,5,2007,2017,353,5281.0,676,1651,202,600,193,261,121,525,1183,212,13,491,441,1747,0.409,0.337,0.7390000000000001,"Jun 12, 1986",Tenerife,Spain,28.284744122289837,-16.52574253538732,2000's,15.0,4.9,3.4,1.5,1
Andrea Bargnani,10,2007,2016,550,15806.0,2932,6676,627.0,1771.0,1382,1677,530.0,2541,653,207.0,470.0,851.0,1338,7873,0.439,0.354,0.8240000000000001,"Oct 26, 1985",Rome,Italy,41.942993359451464,12.393887837225178,2000's,28.7,14.3,1.2,4.6,1
Marcus Vinicius,2,2007,2008,26,172.0,16,35,8,19,10,18,3,19,7,3,2,9,14,50,0.457,0.42100000000000004,0.556,"May 31, 1984",Sao Paulo,Brazil,-23.49938336965774,-46.74006806962638,2000's,6.6,1.9,0.3,0.7,1
Ersan İlyasova,12,2007,Active,808,18809.0,3102,6993,865,2368,1230,1585,1390,4632,904,550,290,783,1965,8299,0.444,0.365,0.7759999999999999,"May 15, 1987",Eskisehir,Turkey,39.708269315324785,31.107979724329414,2000's,23.3,10.3,1.1,5.7,1
Pops Mensah-Bonsu,4,2007,2011,61,509.0,64,156,0.0,2.0,53,90,83.0,180,11,14.0,14.0,40.0,82,181,0.41,0.0,0.589,"Sep 7, 1983",London,United Kingdom,51.34403877829149,-0.16213838291907323,2000's,8.3,3.0,0.2,3.0,1
Andreas Glyniadakis,1,2007,2007,13,81.0,8,17,0,0,1,2,2,8,1,0,0,9,19,17,0.47100000000000003,,0.5,"Aug 21, 1981",Hania,Greece,35.59701468773007,24.057268885880713,2000's,6.2,1.3,0.1,0.6,1
Kelenna Azubuike,5,2007,2012,208,5025.0,802,1748,210.0,514.0,364,473,257.0,829,230,130.0,103.0,203.0,408,2178,0.45899999999999996,0.409,0.77,"Dec 16, 1983",London,United Kingdom,51.3877321595611,-0.04736186374854193,2000's,24.2,10.5,1.1,4.0,1
J.J. Barea,14,2007,Active,831,16287.0,2832,6685,819,2330,932,1174,253,1748,3270,331,24,1264,1168,7415,0.424,0.35200000000000004,0.794,"Jun 26, 1984",Mayaguez,Puerto Rico,18.18407771006976,-67.26110575149262,2000's,19.6,8.9,3.9,2.1,1
Jorge Garbajosa,2,2007,2008,74,1983.0,230,554,72,209,57,78,50,345,128,81,15,65,92,589,0.415,0.344,0.731,"Dec 19, 1977",Madrid,Spain,40.45509086695878,-3.6487922044135956,2000's,26.8,8.0,1.7,4.7,1
Thabo Sefolosha,14,2007,Active,869,19062.0,1916,4265,513,1469,649,887,626,3252,1196,935,366,755,1418,4994,0.449,0.349,0.732,"May 2, 1984",Vevey,Switzerland,46.493206490325704,7.029552532323365,2000's,21.9,5.7,1.4,3.7,1
Vassilis Spanoulis,1,2007,2007,31,272.0,23,72,5,29,34,42,5,22,28,7,1,29,33,85,0.319,0.172,0.81,"Aug 7, 1982",Larissa,Greece,39.53658618589932,22.444125522491444,2000's,8.8,2.7,0.9,0.7,1
Mouhamed Sene,3,2007,2009,47,260.0,35,82,0,0,33,56,28,75,1,4,22,15,44,103,0.42700000000000005,,0.589,"May 12, 1986",Thies,Senegal,14.658577193128002,-17.025918564100945,2000's,5.5,2.2,0.0,1.6,1
Stéphane Lasme,1,2008,2008,16,303.0,32,71,0,0,19,32,26,53,3,13,22,15,35,83,0.451,,0.594,"Dec 17, 1982",Port-Gentil,Gabon,-0.6577538381847965,8.751808336501306,2000's,18.9,5.2,0.2,3.3,1
Marco Belinelli,13,2008,Active,860,19548.0,2949,6959,1216.0,3230.0,1256,1485,187.0,1769,1429,488.0,65.0,850.0,1222,8370,0.424,0.376,0.846,"Mar 25, 1986",San Giovanni in Persiceto,Italy,44.67575546479362,11.035684349040567,2000's,22.7,9.7,1.7,2.1,1
Al Horford,13,2008,Active,853,27810.0,4997,9612,464,1275,1432,1898,1798,7053,2818,688,1008,1344,1943,11890,0.52,0.364,0.754,"Jun 3, 1986",Puerto Plata,Dominican Republic,19.81721112928212,-70.68400204877541,2000's,32.6,13.9,3.3,8.3,1
Oleksiy Pecherov,3,2008,2010,111,1044.0,160,414,45,155,73,92,88,266,20,21,22,59,119,438,0.386,0.29,0.7929999999999999,"Dec 8, 1985",Donetsk,Ukraine,47.91141066262839,37.71161792430445,2000's,9.4,3.9,0.2,2.4,1
Luis Scola,10,2008,2017,743,19001.0,3669,7442,92,271,1452,1961,1335,4941,1194,474,224,1121,2037,8882,0.493,0.33899999999999997,0.74,"Apr 30, 1980","Buenos Aires,",Argentina,-34.68104636987058,-58.418136331289666,2000's,25.6,12.0,1.6,6.7,1
Guillermo Díaz,1,2008,2008,6,18.0,1,4,0,1,3,5,2,2,1,0,0,0,0,5,0.25,0.0,0.6,"Mar 4, 1985",San Juan,Puerto Rico,18.51209106125392,-66.18346340779146,2000's,3.0,0.8,0.2,0.3,1
Joel Anthony,10,2008,2017,490,7056.0,398,776,0,0,268,405,562,1353,99,127,531,227,819,1064,.513,,.662,"Aug 9, 1982",Montreal,Canada,45.4311914859785,-73.64245333858348,2000's,14.4,2.2,0.2,2.8,1
Kosta Perović,1,2008,2008,7,38.0,3,10,0,0,4,6,6,13,1,0,2,1,6,10,0.3,,0.667,"Feb 19, 1985",Osijek,Croatia,45.506162991768804,18.84295559365495,2000's,5.4,1.4,0.1,1.9,1
Kyrylo Fesenko,5,2008,2012,135,1107.0,125,252,0,2,55,134,97,269,40,19,53,66,224,305,0.496,0.0,0.41,"Dec 24, 1986",Dnepropetrovsk,Ukraine,48.47533206618031,35.01184695665581,2000's,8.2,2.3,0.3,2.0,1
Marcin Gortat,12,2008,2019,806,20691.0,3401,6168,3,20,1146,1686,1759,6407,915,383,885,958,1775,7951,0.551,0.15,0.68,"Feb 17, 1984",Lodz,Poland,51.804611754600174,19.539354172464982,2000's,25.7,9.9,1.1,7.9,1
Juan Carlos Navarro,1,2008,2008,82,2117.0,308,766,156,432,124,146,34,210,177,48,1,134,94,896,0.402,0.361,0.8490000000000001,"Jun 13, 1980",Sant Feliu de Llobregat,Spain,41.55171250580694,1.9695206198805157,2000's,25.8,10.9,2.2,2.6,1
Yi Jianlian,5,2008,2012,272,6038.0,813,2012,75.0,225.0,447,573,379.0,1339,192,136.0,184.0,302.0,618,2148,0.40399999999999997,0.33299999999999996,0.78,"Oct 27, 1987",He Shan,China,22.906684832585785,112.91248598654684,2000's,22.2,7.9,0.7,4.9,1
Ian Mahinmi,12,2008,Active,618,10353.0,1201,2254,8,50,799,1305,937,2705,357,357,443,601,1635,3209,.533,.160,.612,"Nov 5, 1986",Rouen,France,49.35846550881915,1.1416646915022233,2000's,16.8,5.2,0.6,4.4,1
Goran Dragić,12,2009,Active,817,22899.0,4167,8988,991,2729,2049,2683,589,2502,3949,811,151,1849,1896,11374,0.46399999999999997,0.363,0.764,"May 6, 1986",Ljubljana,Slovenia,46.293755979144066,14.547511666040362,2000's,28.0,13.9,4.8,3.1,1
Sun Yue,1,2009,2009,10,28.0,3,11,0.0,6.0,0,0,0.0,0,2,1.0,1.0,3.0,10,6,0.273,0.0,,"Nov 6, 1985",Hebei,China,38.973788314652566,115.98173591759492,2000's,2.8,0.6,0.2,0.0,1
Danilo Gallinari,11,2009,Active,611,18886.0,2989,7004,1211.0,3184.0,2691,3083,449.0,2991,1237,478.0,240.0,804.0,1107,9880,0.42700000000000005,0.38,0.873,"Aug 8, 1988",Sant'Angelo Lodigiano,Italy,45.31371178862637,9.28599182864441,2000's,30.9,16.2,2.0,4.9,1
Hamed Haddadi,5,2009,2013,151,1056.0,130,281,0,5,79,125,137,372,43,11,92,92,209,339,0.46299999999999997,0.0,0.632,"May 19, 1985",Ahvaz,Islamic Republic of Iran,31.229044051915846,48.8069836790271,2000's,7.0,2.2,0.3,2.5,1
Donté Greene,4,2009,2012,253,4259.0,585,1441,165,542,206,294,140,600,183,111,116,222,373,1541,.406,.304,.701,"Feb 21, 1988",Munich,Germany,48.18692652589582,11.499659643303078,2000's,16.8,6.1,0.7,2.4,1
Joe Alexander,2,2009,2010,67,745.0,103,251,16,47,60,86,46,120,44,16,30,52,116,282,0.41,0.34,0.698,"Dec 26, 1986",Kaohsiung,Taiwan,22.621002758610782,120.37903928723017,2000's,11.1,4.2,0.7,1.8,1
Nathan Jawai,2,2009,2010,45,431.0,50,115,0,1,26,38,50,106,24,10,9,29,61,126,.435,.000,.684,"Oct 10, 1986",Sydney,Australia,-34.028134625232184,151.28018637490442,2000's,9.6,2.8,0.5,2.4,1
Marc Gasol,12,2009,Active,839,27726.0,4547,9444,381,1075,2777,3575,1373,6389,2887,766,1196,1702,2436,12252,0.48100000000000004,0.354,0.777,"Jan 29, 1985",Barcelona,Spain,41.35943571261881,2.210645359018364,2000's,33.0,14.6,3.4,7.6,1
Alexis Ajinça,7,2009,2017,293,3905.0,645,1283,12,42,251,315,346,1150,143,102,181,249,661,1553,.503,.286,.797,"May 6, 1988",Saint-Etienne,France,45.36885558126802,4.395862326903105,2000's,13.3,5.3,0.5,3.9,1
Roko Ukić,2,2009,2010,85,987.0,137,354,14,74,53,71,27,78,165,31,2,66,83,341,0.387,0.18899999999999997,0.746,"May 12, 1984",Split,Croatia,43.56901256009888,16.592018842643736,2000's,11.6,4.0,1.9,0.9,1
Rudy Fernández,4,2009,2012,249,5965.0,740,1853,413,1147,361,430,128,608,554,249,40,286,369,2254,0.39899999999999997,0.36,0.84,"Apr 4, 1985",Palma de Mallorca,Spain,39.41757554327287,2.3527087593885776,2000's,24.0,9.1,2.2,2.4,1
Nicolas Batum,12,2009,Active,789,24733.0,3245,7470,1247,3496,1381,1642,835,4137,2967,747,500,1449,1398,9118,.434,.357,.841,"Dec 14, 1988",Lisieux,France,49.13967724047989,0.13929827521310548,2000's,31.3,11.6,3.8,5.2,1
Anthony Randolph,6,2009,2014,252,3841.0,677,1494,20,83,415,561,335,1078,187,150,224,298,456,1789,.453,.241,.740,"Jul 15, 1989",Wurzbach,Germany,50.52981630702978,11.502961244590654,2000's,15.2,7.1,0.7,4.3,1
Luc Mbah a Moute,12,2009,Active,689,16038.0,1685,3708,207,619,803,1218,962,2800,588,612,263,646,1242,4380,0.45399999999999996,0.33399999999999996,0.659,"Sep 9, 1986",Yaounde,Cameroon,3.792960279532517,11.580705575575776,2000's,23.3,6.4,0.9,4.1,1
Omri Casspi,10,2010,2019,588,11959.0,1718,3781,493,1339,713,1052,473,2355,662,362,134,595,917,4642,0.45399999999999996,0.368,0.6779999999999999,"Jun 22, 1988",Holon,Israel,32.06365678919527,34.69200788586154,2010's,20.3,7.9,1.1,4.0,1
Patty Mills,11,2010,Active,671,12982.0,2111,4901,1059,2719,580,681,211,1118,1549,440,53,659,883,5861,.431,.389,.852,"Aug 11, 1988",Canberra,Australia,-35.22052460554626,149.20866831767233,2010's,19.3,8.7,2.3,1.7,1
Hasheem Thabeet,5,2010,2014,224,2357.0,182,321,0,0,119,206,203,595,27,59,184,123,453,483,0.5670000000000001,,0.578,"Feb 16, 1987",Dar es Salaam,United Republic of Tanzania,-6.775985126694196,39.3691715138425,2010's,10.5,2.2,0.1,2.7,1
Rodrigue Beaubois,4,2010,2013,182,2896.0,502,1143,129,397,153,189,47,338,374,124,52,204,312,1286,0.439,0.325,0.81,"Feb 24, 1988",Pointe-a-Pitre,Guadeloupe,16.15715331464349,-61.427706393513844,2010's,15.9,7.1,2.1,1.9,1
Serge Ibaka,11,2010,Active,808,23109.0,4215,8201,532,1477,1181,1559,1744,5944,622,351,1672,1089,2279,10143,0.514,0.36,0.758,"Sep 18, 1989",Brazzaville,Republic of the Congo,-4.180648107240736,15.129503532711434,2010's,28.6,12.6,0.8,7.4,1
Jonas Jerebko,9,2010,2019,635,11323.0,1465,3203,400,1101,589,765,763,2522,525,321,153,438,1225,3919,0.457,0.363,0.77,"Mar 2, 1987",Kinna,Sweden,57.60216024374057,12.543953629029017,2010's,17.8,6.2,0.8,4.0,1
David Andersen,2,2010,2011,103,1264.0,203,461,35,101,60,89,74,292,57,20,21,59,159,501,.440,.347,.674,"Jun 23, 1980",Carlton,Australia,-37.742830109942716,144.7862768691599,2010's,12.3,4.9,0.6,2.8,1
Gary Forbes,2,2011,2012,111,1504.0,236,544,48,141,125,178,55,218,103,47,10,100,133,645,0.434,0.34,0.7020000000000001,"Feb 25, 1985",Colon,Panama,9.406371617902213,-80.01543582519523,2010's,13.5,5.8,0.9,2.0,1
Hamady N'Diaye,3,2011,2014,33,157.0,7,15,0,0,6,13,7,25,3,2,9,6,33,20,0.467,,0.462,"Jan 12, 1987",Dakar,Senegal,14.970017991220686,-17.44060443982331,2010's,4.8,0.6,0.1,0.8,1
Samardo Samuels,3,2011,2013,109,1722.0,237,532,0,4,164,251,148,366,45,38,41,115,231,638,0.445,0.0,0.653,"Jan 9, 1989",Trelawny,Jamaica,18.28210081538147,-77.60984681983517,2010's,15.8,5.9,0.4,3.4,1
Solomon Alabi,2,2011,2012,26,181.0,16,51,0,0,7,10,22,61,5,4,11,8,16,39,0.314,,0.7,"Mar 21, 1988",Kaduna,Nigeria,10.42937028342497,7.922921318448488,2010's,7.0,1.5,0.2,2.3,1
Tiago Splitter,7,2011,2017,355,6812.0,1073,1932,2,14,668,958,576,1779,423,198,209,384,685,2816,0.555,0.14300000000000002,0.6970000000000001,"Jan 1, 1985",Joinville,Brazil,-26.45470563519831,-49.00934482356422,2010's,19.2,7.9,1.2,5.0,1
Ömer Aşık,8,2011,2018,471,9216.0,947,1795,0,1,585,1062,1036,3362,280,167,339,542,928,2479,0.528,0.0,0.551,"Jul 4, 1986",Bursa,Turkey,40.09686956121772,29.15641261315037,2010's,19.6,5.3,0.6,7.1,1
Nikola Peković,6,2011,2016,271,6744.0,1314,2537,0,0,777,1023,803,1807,199,140,151,414,632,3405,0.518,,0.76,"Jan 3, 1986",Bijelo Polje,Montenegro,43.02918427905585,19.687192765792354,2010's,24.9,12.6,0.7,6.7,1
Timofey Mozgov,8,2011,2018,454,8181.0,1230,2301,11.0,58.0,601,814,769.0,2225,250,139.0,383.0,527.0,998,3072,0.535,0.19,0.738,"Jul 16, 1986",St. Petersburg,Russian Federation,59.836584243585946,30.509536219194644,2010's,18.0,6.8,0.6,4.9,1
Pape Sy,1,2011,2011,3,21.0,2,6,0,1,3,3,2,3,2,1,0,3,1,7,.333,.000,1.000,"Apr 5, 1988",Loudeac,France,48.25505039625593,-2.8927679235975523,2010's,7.0,2.3,0.7,1.0,1
Xavier Henry,5,2011,2015,185,2905.0,368,907,41,126,273,430,81,351,120,100,23,139,264,1050,0.406,0.325,0.635,"Mar 15, 1991",Gent,Belgium,50.91640751849172,3.720471804069274,2010's,15.7,5.7,0.6,1.9,1
Greivis Vásquez,7,2011,2017,401,9520.0,1378,3297,412,1180,423,518,125,1021,1935,236,34,753,767,3591,0.418,0.349,0.8170000000000001,"Jan 16, 1987",Caracas,Venezuela,10.52209222602654,-66.78285427337319,2010's,23.7,9.0,4.8,2.5,1
Kevin Séraphin,7,2011,2017,423,6430.0,1134,2318,0,7,248,347,502,1462,246,88,304,449,903,2516,0.489,0.0,0.715,"Dec 7, 1989",Cayenne,French Guiana,5.049996167480824,-52.283532980731074,2010's,15.2,5.9,0.6,3.5,1
Christian Eyenga,2,2011,2012,51,1049.0,136,331,26,94,22,36,31,137,40,37,33,50,85,320,0.41100000000000003,0.27699999999999997,0.611,"Jun 22, 1989",Kinshasa,Democratic Republic of the Congo,-4.52352978121512,15.344714456795574,2010's,20.6,6.3,0.8,2.7,1
Semih Erden,2,2011,2012,69,928.0,101,185,0,0,60,101,57,190,29,25,29,50,164,262,0.546,,0.594,"Jul 28, 1986",Istanbul,Turkey,40.953532174879285,28.926338208705697,2010's,13.4,3.8,0.4,2.8,1
Bismack Biyombo,9,2012,Active,636,12864.0,1232,2367,0,2,809,1408,1255,3968,338,159,852,577,1408,3273,0.52,0.0,0.575,"Aug 28, 1992",Lubumbashi,Democratic Republic of the Congo,-11.687064212613874,27.33814849524018,2010's,20.2,5.1,0.5,6.2,1
Jerome Jordan,2,2012,2015,65,491.0,67,127,0,0,46,54,66,132,17,9,21,24,73,180,0.528,,0.852,"Sep 29, 1986",Kingston,Jamaica,18.00447394397349,-76.86128843062313,2010's,7.6,2.8,0.3,2.0,1
Ricky Rubio,9,2012,Active,563,17386.0,2065,5277,491,1499,1751,2082,376,2396,4387,1053,77,1536,1473,6372,0.391,0.32799999999999996,0.841,"Oct 21, 1990",El Masnou,Spain,41.676143823918046,2.331494472038651,2010's,30.9,11.3,7.8,4.3,1
Enes Kanter,9,2012,Active,641,13932.0,3036,5596,43,150,1300,1676,1878,4867,546,258,301,978,1396,7415,0.5429999999999999,0.287,0.7759999999999999,"May 20, 1992",Zurich,Switzerland,47.40042535005276,8.384120366978108,2010's,21.7,11.6,0.9,7.6,1
Jan Veselý,3,2012,2014,162,2455.0,263,505,0,2,64,157,225,562,96,107,84,123,384,590,0.521,0.0,0.408,"Apr 24, 1990",Ostrava,Czech Republic,49.74650551029768,18.277040345408444,2010's,15.2,3.6,0.6,3.5,1
Nikola Vučević,9,2012,Active,598,18103.0,4185,8386,276,825,980,1313,1599,6110,1532,515,556,1030,1507,9626,0.499,0.335,0.746,"Oct 24, 1990",Morges,Switzerland,46.567152641228816,6.548981699504449,2010's,30.3,16.1,2.6,10.2,1
Gustavo Ayón,3,2012,2014,135,2251.0,284,530,0,1,67,133,188,589,173,100,73,122,272,635,0.536,0.0,0.504,"Apr 1, 1985",Tepic,Mexico,21.528249409059704,-104.8927669860508,2010's,16.7,4.7,1.3,4.4,1
Cory Joseph,9,2012,Active,600,13115.0,1615,3666,293,883,600,780,305,1551,1736,459,132,600,906,4123,.441,.332,.769,"Aug 20, 1991",Toronto,Canada,43.641565522340734,-79.3485734240361,2010's,21.9,6.9,2.9,2.6,1
Kyrie Irving,9,2012,Active,528,17827.0,4346,9332,1119,2870,2031,2316,407,1955,3012,699,187,1395,1171,11842,.466,.390,.877,"Mar 23, 1992",Melbourne,Australia,-37.822587848789205,144.95640724660518,2010's,33.8,22.4,5.7,3.7,1
Tristan Thompson,9,2012,Active,619,17372.0,2344,4524,9,32,1142,1871,2115,5393,624,317,447,718,1438,5839,.518,.281,.610,"Mar 13, 1991",Toronto,Canada,43.659744778384386,-79.45707669632274,2010's,28.1,9.4,1.0,8.7,1
Reggie Jackson,9,2012,Active,561,14120.0,2680,6267,659.0,1955.0,1186,1383,304.0,1659,2456,390.0,66.0,1078.0,1094,7205,0.428,0.337,0.858,"Apr 16, 1990",Pordenone,Italy,45.9786573222304,12.780774848479044,2010's,25.2,12.8,4.4,3.0,1
Tim Ohlbrecht,1,2013,2013,3,12.0,1,3,0,0,1,1,0,1,1,1,0,4,1,3,.333,,1.000,"Aug 30, 1988",Wuppertal,Germany,51.26164042995004,7.324639726350865,2010's,4.0,1.0,0.3,0.3,1
Viacheslav Kravtsov,2,2013,2014,45,283.0,41,61,0,0,15,45,33,62,10,5,10,20,39,97,0.672,,0.33299999999999996,"Aug 25, 1987",Odessa,Ukraine,46.447833665023076,30.719226561957225,2010's,6.3,2.2,0.2,1.4,1
Nando De Colo,2,2013,2014,119,1414.0,169,394,49,135,66,79,37,211,203,63,12,116,135,453,.429,.363,.835,"Jun 23, 1987",Sainte-Catherine-les-Arras,France,50.38793910258302,2.6679446148739996,2010's,11.9,3.8,1.7,1.8,1
Kris Joseph,1,2013,2013,10,54.0,2,14,0,3,5,8,1,7,1,3,0,2,3,9,.143,.000,.625,"Dec 17, 1988",Montreal,Canada,45.56438356901882,-73.55162369955094,2010's,5.4,0.9,0.1,0.7,1
Evan Fournier,8,2013,Active,523,14858.0,2663,5930,933,2485,1119,1387,224,1433,1360,444,59,862,1278,7378,.449,.375,.807,"Oct 29, 1992",Saint-Maurice,France,48.3712633497238,7.3538595778840685,2010's,28.4,14.1,2.6,2.7,1
Jeffery Taylor,3,2013,2015,132,2566.0,299,731,82,257,127,191,80,263,107,72,21,92,234,807,0.409,0.319,0.665,"May 23, 1989",Norrkoping,Sweden,58.5007807325265,16.19753468466215,2010's,19.4,6.1,0.8,2.0,1
Mirza Teletović,6,2013,2018,324,5765.0,927,2285,541,1460,241,319,189,1042,273,104,82,255,552,2636,0.406,0.371,0.755,"Sep 18, 1985",Mostar,Bosnia and Herzegovina,43.242542819520786,17.98876078794891,2010's,17.8,8.1,0.8,3.2,1
Joel Freeland,3,2013,2015,151,1821.0,209,455,0.0,2.0,59,81,190.0,518,65,32.0,56.0,74.0,255,477,0.45899999999999996,0.0,0.728,"Feb 7, 1987",Farnham,United Kingdom,51.23440740886887,-0.7188125775869997,2010's,12.1,3.2,0.4,3.4,1
Tornike Shengelia,2,2013,2014,45,247.0,23,51,1,8,12,24,13,39,17,6,2,23,29,59,0.451,0.125,0.5,"Oct 5, 1991",Tbilisi,Georgia,41.614320744455284,44.61397768644275,2010's,5.5,1.3,0.4,0.9,1
Victor Claver,3,2013,2015,80,1072.0,100,251,34,116,24,41,43,178,56,30,16,58,103,258,0.39799999999999996,0.293,0.585,"Aug 30, 1988","Valencia,",Spain,39.4064832343949,-0.3134147257086118,2010's,13.4,3.2,0.7,2.2,1
Pablo Prigioni,4,2013,2016,270,4566.0,334,786,203,535,75,86,145,505,765,268,6,257,429,946,0.425,0.379,0.872,"May 17, 1977",Rio Tercero,Argentina,-32.326030851751746,-63.439298411386744,2010's,16.9,3.5,2.8,1.9,1
Festus Ezeli,3,2013,2016,170,2394.0,275,536,0,0,162,291,292,725,63,48,166,133,328,712,0.513,,0.557,"Oct 21, 1989",Benin City,Nigeria,6.319290346209195,5.626651164784816,2010's,14.1,4.2,0.4,4.3,1
Alexey Shved,3,2013,2015,182,3271.0,445,1207,162.0,529.0,297,390,85.0,355,460,110.0,49.0,243.0,201,1349,0.369,0.306,0.762,"Dec 16, 1988",Belgorod,Russian Federation,50.611434964973164,36.639554054596694,2010's,18.0,7.4,2.5,2.0,1
Donatas Motiejūnas,6,2013,2019,251,4566.0,731,1558,121,404,249,417,298,952,269,118,82,287,538,1832,0.469,0.3,0.597,"Sep 20, 1990",Kaunas,Lithuania,55.00633298651651,23.993033994268956,2010's,18.2,7.3,1.1,3.8,1
Fab Melo,1,2013,2013,6,36.0,3,6,0,0,1,4,0,3,0,2,2,1,7,7,0.5,,0.25,"Jun 20, 1990",Juiz de Fora,Brazil,-21.536427669947162,-43.36510924376053,2010's,6.0,1.2,0.0,0.5,1
Jonas Valančiūnas,8,2013,Active,559,14146.0,2753,4896,77,217,1364,1747,1474,4952,522,214,585,862,1556,6947,0.562,0.355,0.7809999999999999,"May 6, 1992",Utena,Lithuania,55.378233724761714,25.569905549883313,2010's,25.3,12.4,0.9,8.9,1
Andrew Nicholson,5,2013,2017,285,4080.0,708,1517,87,271,197,255,188,857,126,74,95,212,458,1700,.467,.321,.773,"Dec 8, 1989",Mississauga,Canada,43.609607620127754,-79.4166717635438,2010's,14.3,6.0,0.4,3.0,1
Aron Baynes,8,2013,Active,469,7390.0,1109,2239,84,257,489,611,718,2123,374,101,232,399,1045,2791,0.495,0.327,0.8,"Dec 9, 1986",Gisborne,New Zealand,-38.80792404365295,178.09101421105706,2010's,15.8,6.0,0.8,4.5,1
Rudy Gobert,7,2014,Active,474,13994.0,2043,3193,0,3,1464,2321,1542,5191,646,327,1030,771,1240,5550,.640,.000,.631,"Jun 26, 1992",Saint-Quentin,France,49.76287135290018,3.4264542369586097,2010's,29.5,11.7,1.4,11.0,1
Kelly Olynyk,7,2014,Active,500,10647.0,1759,3692,568,1524,750,968,582,2421,934,354,223,706,1388,4836,.476,.373,.775,"Apr 19, 1991",Toronto,Canada,43.54632415991106,-79.41579684843893,2010's,21.3,9.7,1.9,4.8,1
Steven Adams,7,2014,Active,530,14207.0,2157,3664,1,10,876,1573,1823,4029,615,469,531,757,1384,5191,0.589,0.1,0.557,"Jul 20, 1993",Rotorua,New Zealand,-38.189978667024995,176.40032414945802,2010's,26.8,9.8,1.2,7.6,1
Matthew Dellavedova,7,2014,Active,434,8849.0,863,2217,396,1075,305,364,161,774,1591,202,20,546,824,2427,.389,.368,.838,"Sep 8, 1990",Maryborough,Australia,-25.465631248234278,152.48921330867753,2010's,20.4,5.6,3.7,1.8,1
Luigi Datome,2,2014,2015,55,447.0,77,186,25.0,79.0,9,11,17.0,75,20,8.0,8.0,20.0,35,188,0.414,0.316,0.818,"Nov 27, 1987",Montebelluna,Italy,45.86387652713654,12.042450585676514,2010's,8.1,3.4,0.4,1.4,1
Jorge Gutiérrez,3,2014,2016,47,482.0,53,106,3,17,28,36,8,54,69,19,1,32,65,137,0.5,0.17600000000000002,0.778,"Dec 27, 1988",Chihuahua,Mexico,28.43833317633743,-105.99379526946542,2010's,10.3,2.9,1.5,1.1,1
Alex Len,7,2014,Active,467,9170.0,1417,2863,96,288,783,1134,948,2920,395,191,461,577,1238,3713,0.495,0.33299999999999996,0.69,"Jun 16, 1993",Antratsit,Ukraine,48.140604902388255,38.992764973438284,2010's,19.6,8.0,0.8,6.3,1
Gorgui Dieng,7,2014,Active,515,11344.0,1553,3108,116,339,836,1061,949,3166,702,427,506,603,1174,4058,0.5,0.342,0.7879999999999999,"Jan 18, 1990",Kebemer,Senegal,15.343263024222665,-16.189736550749785,2010's,22.0,7.9,1.4,6.1,1
Nemanja Nedović,1,2014,2014,24,142.0,8,39,3,18,7,8,3,15,13,0,1,13,13,26,.205,.167,.875,"Jun 16, 1991",Nova Varos,Serbia,43.52314570047859,19.71199111313874,2010's,5.9,1.1,0.5,0.6,1
Gal Mekel,2,2014,2015,35,335.0,33,106,5,23,8,12,5,28,76,6,1,33,32,79,0.311,0.217,0.667,"Mar 4, 1988",Petah Tikva,Israel,32.15810696137875,34.878872279559786,2010's,9.6,2.3,2.2,0.8,1
Elias Harris,1,2014,2014,2,11.0,0,1,0,0,0,0,1,1,1,1,0,0,0,0,.000,,,"Jul 6, 1989",Speyer,Germany,49.256259263394334,8.4985434384721,2010's,5.5,0.0,0.5,0.5,1
Giannis Antetokounmpo,7,2014,Active,528,17137.0,3873,7357,309,1087,2547,3526,888,4700,2275,620,692,1458,1589,10602,0.526,0.284,0.722,"Dec 6, 1994",Athens,Greece,38.09168873930055,23.78179057024643,2010's,32.5,20.1,4.3,8.9,1
Anthony Bennett,4,2014,2017,151,1905.0,251,641,36,138,120,179,132,472,77,58,27,99,206,658,.392,.261,.670,"Mar 14, 1993",Toronto,Canada,43.615317242045705,-79.26135550709998,2010's,12.6,4.4,0.5,3.1,1
Erik Murphy,1,2014,2014,24,62.0,3,13,0,3,0,0,2,8,2,0,4,2,7,6,.231,.000,,"Oct 26, 1990",Lyon,France,45.788179266135224,4.8171925220465805,2010's,2.6,0.2,0.1,0.3,1
Vítor Faverani,1,2014,2014,37,488.0,64,147,12,40,24,37,42,128,16,14,27,41,74,164,0.435,0.3,0.649,"May 5, 1988",Porto Alegre,Brazil,-30.11768676558811,-51.22027079840431,2010's,13.2,4.4,0.4,3.5,1
Ognjen Kuzmić,2,2014,2015,37,164.0,13,25,0,0,9,15,17,38,8,5,5,15,30,35,0.52,,0.6,"May 16, 1990",Doboj,Bosnia and Herzegovina,44.90205334933496,18.21754693866367,2010's,4.4,0.9,0.2,1.0,1
Dennis Schröder,7,2014,Active,496,12654.0,2643,6063,564,1674,1148,1387,202,1404,2260,392,61,1173,950,6998,.436,.337,.828,"Sep 15, 1993",Braunschweig,Germany,52.093705644837044,10.307568461822804,2010's,25.5,14.1,4.6,2.8,1
Sergey Karasev,3,2014,2016,95,1110.0,96,243,31.0,110.0,64,76,30.0,140,87,32.0,4.0,57.0,94,287,0.395,0.282,0.8420000000000001,"Oct 26, 1993",St. Petersburg,Russian Federation,59.83061252434141,30.36778238214995,2010's,11.7,3.0,0.9,1.5,1
Miroslav Raduljica,2,2014,2015,53,488.0,71,134,0,0,47,57,56,113,23,8,13,30,92,189,.530,,.825,"Jan 5, 1988",Belgrade,Serbia,44.80870801738131,20.44816429761246,2010's,9.2,3.6,0.4,2.1,1
Pero Antić,2,2014,2015,113,1962.0,231,590,108,344,138,189,115,398,107,37,26,104,258,708,0.392,0.314,0.73,"Jul 29, 1982",Skopje,North Macedonia,42.03669499873365,21.400761641728735,2010's,17.4,6.3,0.9,3.5,1
Clint Capela,6,2015,Active,334,8674.0,1766,2785,0,2,543,1033,1089,3243,324,229,491,412,838,4075,0.634,0.0,0.526,"May 18, 1994",Geneva,Switzerland,46.15228445564065,6.1421356358560955,2010's,26.0,12.2,1.0,9.7,1
Joffrey Lauvergne,4,2015,2018,208,2823.0,477,995,49,172,156,217,239,789,180,55,34,165,286,1159,.479,.285,.719,"Sep 30, 1991",Mulhouse,France,47.56378806249694,7.309704454654431,2010's,13.6,5.6,0.9,3.8,1
Tyler Ennis,4,2015,2018,186,2336.0,320,763,66,208,73,95,48,250,359,98,18,171,233,779,.419,.317,.768,"Aug 24, 1994",Brampton,Canada,43.698296080979915,-79.7898627434306,2010's,12.6,4.2,1.9,1.3,1
Dante Exum,5,2015,Active,239,4429.0,499,1226,165,536,203,265,89,424,502,97,42,301,420,1366,.407,.308,.766,"Jul 13, 1995",Melbourne,Australia,-37.66988867179629,145.05648453888844,2010's,18.5,5.7,2.1,1.8,1
Joe Ingles,6,2015,Active,478,12169.0,1415,3169,810,1991,320,426,150,1539,1737,476,73,764,897,3960,.447,.407,.751,"Oct 2, 1987",Happy Valley,Australia,-25.49132621504814,153.09471859967874,2010's,25.5,8.3,3.6,3.2,1
Zoran Dragić,1,2015,2015,16,75.0,11,30,3,14,3,5,5,8,5,2,0,5,6,28,0.36700000000000005,0.214,0.6,"Jun 22, 1989",Ljubljana,Slovenia,45.925620153490215,14.619312638579888,2010's,4.7,1.8,0.3,0.5,1
Kostas Papanikolaou,2,2015,2016,69,1089.0,93,263,41,138,22,32,47,158,101,42,18,76,95,249,0.354,0.297,0.688,"Jul 31, 1990",Trikala,Greece,39.61002182334902,21.697725532006597,2010's,15.8,3.6,1.5,2.3,1
Bojan Bogdanović,6,2015,Active,462,13172.0,2305,5008,872,2215,1088,1268,225,1607,689,255,37,723,746,6570,0.46,0.39399999999999996,0.858,"Apr 18, 1989",Mostar,Bosnia and Herzegovina,43.12895848911505,17.663144383369083,2010's,28.5,14.2,1.5,3.5,1
Andrew Wiggins,6,2015,Active,454,16242.0,3304,7488,540,1625,1795,2451,572,1977,1065,452,278,954,981,8943,.441,.332,.732,"Feb 23, 1995",Toronto,Canada,43.40091684092434,-79.2487985513488,2010's,35.8,19.7,2.3,4.4,1
Dwight Powell,6,2015,Active,371,6956.0,1062,1885,103,351,640,866,545,1711,364,251,173,247,782,2867,.563,.293,.739,"Jul 20, 1991",Toronto,Canada,43.65925678309582,-79.38627628820355,2010's,18.7,7.7,1.0,4.6,1
Furkan Aldemir,1,2015,2015,41,540.0,40,78,0,5,13,27,78,176,28,17,16,17,96,93,0.513,0.0,0.48100000000000004,"Aug 9, 1991",Konak,Turkey,38.38914069888639,27.14790155031319,2010's,13.2,2.3,0.7,4.3,1
Damjan Rudež,3,2015,2017,146,1638.0,175,413,106,284,24,31,18,92,84,31,7,69,143,480,0.424,0.373,0.774,"Jun 17, 1986",Zagreb,Croatia,45.795100630864525,15.92602151638544,2010's,11.2,3.3,0.6,0.6,1
Nikola Mirotić,5,2015,2019,319,7718.0,1303,3084,614,1712,690,854,301,1894,407,240,228,381,666,3910,0.423,0.359,0.8079999999999999,"Feb 11, 1991",Podgorica,Montenegro,42.507317016226544,19.17191393217248,2010's,24.2,12.3,1.3,5.9,1
Nik Stauskas,5,2015,2019,335,6662.0,765,1967,396,1121,346,425,77,688,513,139,80,339,425,2272,.389,.353,.814,"Oct 7, 1993",Mississauga,Canada,43.686426262143726,-79.70773945944603,2010's,19.9,6.8,1.5,2.1,1
Bruno Caboclo,6,2015,Active,99,1257.0,154,385,62,196,55,65,79,254,71,36,57,65,129,425,0.4,0.316,0.846,"Sep 21, 1995",Osasco,Brazil,-23.678935353120966,-46.637513682978025,2010's,12.7,4.3,0.7,2.6,1
Cameron Bairstow,2,2015,2016,36,167.0,16,54,1,5,11,13,10,36,7,4,4,7,27,44,.296,.200,.846,"Dec 7, 1990",Brisbane,Australia,-27.595809018943058,153.03563343801758,2010's,4.6,1.2,0.2,1.0,1
Jusuf Nurkić,6,2015,Active,318,7356.0,1497,3045,5,52,750,1114,799,2562,621,272,416,654,995,3749,0.49200000000000005,0.096,0.6729999999999999,"Aug 23, 1994",Tuzla,Bosnia and Herzegovina,44.572926963308454,18.45864193342589,2010's,23.1,11.8,2.0,8.1,1
Lucas Nogueira,4,2015,2018,141,1754.0,182,288,9,34,73,114,120,388,72,89,144,75,221,446,0.632,0.265,0.64,"Jul 26, 1992",Sao Goncalo,Brazil,-22.836710361898483,-43.201542796407026,2010's,12.4,3.2,0.5,2.8,1
Sim Bhullar,1,2015,2015,3,3.0,1,2,0,0,0,0,0,1,1,0,1,0,0,2,.500,,,"Dec 2, 1992",Ontario,Canada,49.84765808899876,-85.88236870258233,2010's,1.0,0.7,0.3,0.3,1
Edy Tavares,2,2016,2017,13,101.0,15,24,0,0,3,11,11,32,4,1,12,7,11,33,0.625,,0.273,"Mar 22, 1992",Maio,Cape Verde,15.138001600838189,-23.1994304957641,2010's,7.8,2.5,0.3,2.5,1
Nemanja Bjelica,5,2016,Active,341,7435.0,1030,2208,417,1062,260,337,395,1630,598,232,153,339,862,2737,.466,.393,.772,"May 9, 1988",Belgrade,Serbia,44.863700298879664,20.423837476948506,2010's,21.8,8.0,1.8,4.8,1
Trey Lyles,5,2016,Active,351,6322.0,980,2263,313,918,329,465,277,1488,375,140,123,297,513,2602,.433,.341,.708,"Nov 5, 1995",Saskatoon,Canada,52.028319815360675,-106.65252527010622,2010's,18.0,7.4,1.1,4.2,1
Mario Hezonja,5,2016,Active,330,6107.0,854,2047,266,833,310,382,147,1026,415,243,80,371,549,2284,0.41700000000000004,0.319,0.812,"Feb 25, 1995",Dubrovnik,Croatia,42.6204293022877,18.1274889615347,2010's,18.5,6.9,1.3,3.1,1
Salah Mejri,4,2016,2019,204,2430.0,280,464,12,41,121,205,259,808,94,72,190,123,382,693,0.603,0.293,0.59,"Jun 15, 1986",Jendouba,Tunisia,36.513445006694425,8.777743408628437,2010's,11.9,3.4,0.5,4.0,1
Kristaps Porziņģis,4,2016,Active,243,7578.0,1604,3692,425,1188,843,1050,405,1857,350,177,493,424,775,4476,0.434,0.358,0.8029999999999999,"Aug 2, 1995",Liepaja,Latvia,56.45226244674502,21.051348993927853,2010's,31.2,18.4,1.4,7.6,1
Cristiano Felício,5,2016,Active,234,3470.0,424,741,0,12,207,305,371,966,174,68,50,151,348,1055,0.5720000000000001,0.0,0.679,"Jul 7, 1992",Pouso Alegre,Brazil,-22.491096611531855,-45.88692710801177,2010's,14.8,4.5,0.7,4.1,1
Raul Neto,5,2016,Active,253,3485.0,465,1043,147,388,153,194,45,322,471,134,21,242,307,1230,0.446,0.379,0.789,"May 19, 1992",Belo Horizonte,Brazil,-19.737073053534253,-44.132334593363325,2010's,13.8,4.9,1.9,1.3,1
Thanasis Antetokounmpo,2,2016,Active,22,135.0,27,52,0,11,7,17,12,25,15,7,2,12,20,61,0.519,0.0,0.41200000000000003,"Jul 18, 1992",Athens,Greece,37.97405742342505,23.71118078820112,2010's,6.1,2.8,0.7,1.1,1
Duje Dukan,1,2016,2016,1,24.0,2,10,2,5,0,0,2,4,1,1,0,0,2,6,0.2,0.4,,"Dec 4, 1991",Split,Croatia,43.60793583041803,16.496999034773527,2010's,24.0,6.0,1.0,4.0,1
Tibor Pleiß,1,2016,2016,12,82.0,11,25,0,2,2,2,6,15,2,1,2,8,19,24,.440,.000,1.000,"Nov 2, 1989",Bergisch Gladbach,Germany,51.02332917310296,7.1626590706506885,2010's,6.8,2.0,0.2,1.2,1
Damien Inglis,1,2016,2016,20,156.0,13,37,3,13,7,8,2,31,10,6,3,11,11,36,0.35100000000000003,0.231,0.875,"May 20, 1995",Cayenne,French Guiana,5.011431708895571,-52.368468084389086,2010's,7.8,1.8,0.5,1.6,1
Axel Toupane,2,2016,2017,25,352.0,30,79,14,44,13,17,8,32,15,8,7,6,46,87,.380,.318,.765,"Jul 23, 1992",Mulhouse,France,47.687973586461865,7.435730380098722,2010's,14.1,3.5,0.6,1.3,1
Emmanuel Mudiay,5,2016,Active,300,7176.0,1222,3049,276,855,576,774,138,884,1139,214,88,669,491,3296,0.401,0.32299999999999995,0.7440000000000001,"Mar 5, 1996",Kinshasa,Democratic Republic of the Congo,-4.327653935891335,15.466063121503083,2010's,23.9,11.0,3.8,2.9,1
Boban Marjanović,5,2016,Active,230,2241.0,537,925,8,27,352,457,320,930,126,52,83,164,276,1434,.581,.296,.770,"Aug 15, 1988",Zajecar,Serbia,43.99497147104775,22.155556039853312,2010's,9.7,6.2,0.5,4.0,1
Nikola Jokić,5,2016,Active,381,11054.0,2486,4741,347,1028,1143,1384,982,3657,2098,423,265,959,1084,6462,.524,.338,.826,"Feb 19, 1995",Sombor,Serbia,45.88838454921327,18.812780308647852,2010's,29.0,17.0,5.5,9.6,1
Sasha Kaun,1,2016,2016,25,95.0,9,17,0.0,0.0,5,11,12.0,26,3,4.0,5.0,7.0,11,23,0.529,,0.455,"May 8, 1985",Tomsk,Russian Federation,58.432184463290646,82.06616363413121,2010's,3.8,0.9,0.1,1.0,1
Luis Montero,2,2016,2018,14,50.0,5,20,1,9,3,4,0,6,1,0,0,6,1,14,0.25,0.111,0.75,"Apr 6, 1993",Santo Domingo,Dominican Republic,18.667426820830933,-70.10321005819206,2010's,3.6,1.0,0.1,0.4,1
Marcelo Huertas,2,2016,2017,76,1106.0,122,298,20,80,36,46,20,114,234,36,9,99,92,300,0.409,0.25,0.7829999999999999,"May 25, 1983",Sao Paulo,Brazil,-23.395668447186583,-46.62629887479566,2010's,14.6,3.9,3.1,1.5,1
Willy Hernangómez,4,2017,Active,209,3006.0,564,1063,29,88,287,418,391,1130,218,85,79,223,344,1444,0.531,0.33,0.687,"May 27, 1994",Madrid,Spain,40.3190041170496,-3.8203281666176023,2010's,14.4,6.9,1.0,5.4,1
Juan Hernangómez,4,2017,Active,205,3310.0,368,860,170,473,177,245,168,703,136,82,48,109,245,1083,0.428,0.359,0.722,"Sep 28, 1995",Madrid,Spain,40.4463386362422,-3.7827380721987653,2010's,16.1,5.3,0.7,3.4,1
Álex Abrines,3,2017,2019,174,2777.0,305,789,219,595,95,108,49,248,88,92,22,72,291,924,0.387,0.368,0.88,"Aug 1, 1993",Palma de Mallorca,Spain,39.48871334620759,2.700201072237023,2010's,16.0,5.3,0.5,1.4,1
Dāvis Bertāns,4,2017,Active,274,5109.0,733,1663,508,1235,225,265,98,760,312,118,122,170,440,2199,0.441,0.41100000000000003,0.8490000000000001,"Nov 12, 1992",Valmiera,Latvia,57.681230307721975,25.403297997835022,2010's,18.6,8.0,1.1,2.8,1
Cheick Diallo,4,2017,Active,180,2155.0,398,665,2,7,149,193,175,747,78,55,73,116,267,947,0.598,0.28600000000000003,0.772,"Sep 13, 1996",Kayes,Mali,14.011524076342067,-10.396449194522274,2010's,12.0,5.3,0.4,4.2,1
Pascal Siakam,4,2017,Active,276,7196.0,1375,2752,240,718,553,724,331,1537,631,222,192,402,686,3543,0.5,0.33399999999999996,0.764,"Apr 2, 1994",Douala,Cameroon,4.0568221177184265,9.695594390732339,2010's,26.1,12.8,2.3,5.6,1
Nicolás Laprovíttola,1,2017,2017,18,174.0,20,47,10,27,9,9,1,10,28,4,1,19,19,59,0.426,0.37,1.0,"Jan 31, 1990","Buenos Aires,",Argentina,-34.49281097858492,-58.437701721213124,2010's,9.7,3.3,1.6,0.6,1
Paul Zipser,2,2017,2018,98,1667.0,169,455,70,209,50,65,28,256,82,35,31,83,164,458,.371,.335,.769,"Feb 18, 1994",Heidelberg,Germany,49.40737760179971,8.88586263172963,2010's,17.0,4.7,0.8,2.6,1
Buddy Hield,4,2017,Active,316,8743.0,1864,4222,873,2126,421,486,253,1316,694,247,81,539,630,5022,0.441,0.41100000000000003,0.866,"Dec 17, 1992",Freeport,Bahamas,26.663326644524343,-78.75417975091368,2010's,27.7,15.9,2.2,4.2,1
Patricio Garino,1,2017,2017,5,43.0,0,7,0,5,0,0,1,7,0,0,0,3,4,0,0.0,0.0,,"May 17, 1993","Buenos Aires,",Argentina,-34.46070528437418,-58.37244677564119,2010's,8.6,0.0,0.0,1.4,1
Tomáš Satoranský,4,2017,Active,275,6404.0,756,1612,184,499,335,410,255,849,1131,240,41,371,498,2031,0.469,0.369,0.8170000000000001,"Oct 30, 1991",Prague,Czech Republic,49.99297285978539,14.40313192153564,2010's,23.3,7.4,4.1,3.1,1
Nicolás Brussino,2,2017,2018,58,531.0,52,143,29,97,17,22,26,98,47,17,8,26,43,150,0.364,0.299,0.773,"Mar 2, 1993",Santa Fe,Argentina,-30.492049130971832,-61.06344539521858,2010's,9.2,2.6,0.8,1.7,1
Georgios Papagiannis,2,2017,2018,39,477.0,74,144,0,2,12,14,37,123,29,7,23,32,56,160,0.514,0.0,0.857,"Jul 3, 1997",Amarousio,Greece,37.95944765326023,23.654150512187222,2010's,12.2,4.1,0.7,3.2,1
Ivica Zubac,4,2017,Active,212,3385.0,635,1124,0,6,296,392,398,1187,200,52,165,187,418,1566,0.565,0.0,0.755,"Mar 18, 1997",Mostar,Bosnia and Herzegovina,43.51902652078197,17.757653518727125,2010's,16.0,7.4,0.9,5.6,1
Jakob Poeltl,4,2017,Active,279,4594.0,673,1055,1,2,180,336,552,1343,278,122,283,216,575,1527,0.638,0.5,0.536,"Oct 15, 1995",Vienna,Austria,48.14852843064737,16.46006477317563,2010's,16.5,5.5,1.0,4.8,1
Dragan Bender,4,2017,Active,187,3755.0,373,934,183,567,85,130,113,720,237,54,106,202,372,1014,0.39899999999999997,0.32299999999999995,0.654,"Nov 17, 1997",Capljina,Bosnia and Herzegovina,43.05656837671932,17.583366456509456,2010's,20.1,5.4,1.3,3.9,1
Dario Šarić,4,2017,Active,306,8094.0,1344,3051,465,1298,590,705,492,1896,634,190,75,516,660,3743,0.441,0.358,0.8370000000000001,"Apr 8, 1994",Sibenik,Croatia,43.84003170219154,16.18539012816258,2010's,26.5,12.2,2.1,6.2,1
Timothé Luwawu-Cabarrot,4,2017,Active,218,3519.0,444,1115,201,595,251,303,79,445,184,81,30,169,430,1340,.398,.338,.828,"May 9, 1995",Cannes,France,43.48741505265616,7.058260433555947,2010's,16.1,6.1,0.8,2.0,1
Maurice Ndour,1,2017,2017,32,331.0,39,86,1,7,19,26,22,64,8,15,8,12,30,98,0.45299999999999996,0.14300000000000002,0.731,"Jun 18, 1992",Sindia,Senegal,14.750147842038512,-16.969893418222796,2010's,10.3,3.1,0.2,2.0,1
Joel Embiid,4,2017,Active,209,6358.0,1672,3485,238,747,1423,1795,505,2397,651,158,374,736,706,5005,0.48,0.319,0.7929999999999999,"Mar 16, 1994",Yaounde,Cameroon,4.036029635667143,11.570616010633971,2010's,30.4,23.9,3.1,11.5,1
Mindaugas Kuzminskas,2,2017,2018,69,1018.0,158,371,54,168,55,68,47,126,69,29,11,51,79,425,0.426,0.321,0.809,"Oct 19, 1989",Vilnius,Lithuania,54.52613576338138,25.371090599329335,2010's,14.8,6.2,1.0,1.8,1
Joel Bolomboy,2,2017,2018,18,91.0,12,22,1,5,6,12,10,27,2,3,2,4,4,31,0.545,0.2,0.5,"Jan 28, 1994",Kiev,Ukraine,50.44749917578752,30.530609348888667,2010's,5.1,1.7,0.1,1.5,1
Thon Maker,4,2017,Active,255,3548.0,415,958,130,395,226,336,210,708,157,94,169,139,453,1186,0.433,0.32899999999999996,0.6729999999999999,"Feb 25, 1997",Wau,South Sudan,7.7309111552694185,27.98700299328197,2010's,13.9,4.7,0.6,2.8,1
Jamal Murray,4,2017,Active,297,8680.0,1695,3859,544,1518,687,781,233,1064,1091,264,96,570,552,4621,.439,.358,.880,"Feb 23, 1997",Kitchener,Canada,43.60956646089199,-80.55098153649594,2010's,29.2,15.6,3.7,3.6,1
Skal Labissière,4,2017,Active,148,2595.0,429,872,30,85,181,242,224,662,152,53,99,151,314,1069,0.49200000000000005,0.353,0.748,"Mar 18, 1996",Port-au-Prince,Haiti,18.35474853920706,-72.347214223103,2010's,17.5,7.2,1.0,4.5,1
Maxi Kleber,3,2018,Active,217,4598.0,563,1209,236,665,181,226,273,951,209,87,208,142,433,1543,.466,.355,.801,"Jan 29, 1992",Wurzburg,Germany,49.75192020467022,10.180807785106454,2010's,21.2,7.1,1.0,4.4,1
Ben Simmons,3,2018,Active,217,7449.0,1459,2605,2,24,633,1067,430,1800,1726,371,164,752,606,3553,.560,.083,.593,"Jul 20, 1996",Melbourne,Australia,-37.59091565090052,144.99233529996727,2010's,34.3,16.4,8.0,8.3,1
Dillon Brooks,3,2018,Active,173,4792.0,824,1962,256,715,310,399,126,531,301,146,48,267,561,2214,.420,.358,.777,"Jan 22, 1996",Mississauga,Canada,43.645847856275786,-79.54195909154417,2010's,27.7,12.8,1.7,3.1,1
Naz Mitrou-Long,3,2018,Active,20,132.0,13,38,5,24,2,2,1,13,23,2,2,11,12,33,.342,.208,1.000,"Aug 3, 1993",Mississauga,Canada,43.50968730930716,-79.73904200494925,2010's,6.6,1.6,1.2,0.6,1
Gian Clavell,1,2018,2018,7,64.0,6,18,6,15,2,2,1,7,3,2,0,2,8,20,0.33299999999999996,0.4,1.0,"Nov 26, 1993",Caguas,Puerto Rico,18.29289247346826,-66.48375515486066,2010's,9.1,2.9,0.4,1.0,1
Lauri Markkanen,3,2018,Active,170,5194.0,967,2248,374,1050,436,514,213,1291,228,118,96,249,321,2744,0.43,0.35600000000000004,0.848,"May 22, 1997",Vantaa,Finland,60.48805220933228,25.106343491231247,2010's,30.6,16.1,1.3,7.6,1
Furkan Korkmaz,3,2018,Active,134,2318.0,348,836,195,517,115,150,36,286,135,72,19,86,172,1006,0.41600000000000004,0.377,0.767,"Jul 24, 1997",Istanbul,Turkey,40.97108257209055,29.006330715447977,2010's,17.3,7.5,1.0,2.1,1
Abdel Nader,3,2018,Active,164,2083.0,264,627,103,293,101,141,41,287,84,58,42,103,191,732,0.42100000000000004,0.35200000000000004,0.716,"Sep 25, 1993",Alexandria,Egypt,31.274531979606135,29.94612951462264,2010's,12.7,4.5,0.5,1.8,1
Khem Birch,3,2018,Active,140,2143.0,232,420,0,2,166,245,240,590,122,53,73,72,219,630,.552,.000,.678,"Sep 28, 1992",Montreal,Canada,45.52582502095421,-73.6117911309303,2010's,15.3,4.5,0.9,4.2,1
Zhou Qi,2,2018,2019,19,125.0,7,33,2.0,19.0,8,12,6.0,22,2,2.0,14.0,10.0,14,24,0.212,0.105,0.667,"Jan 16, 1996",Henan,China,34.198829996391815,114.05214266079392,2010's,6.6,1.3,0.1,1.2,1
Bogdan Bogdanović,3,2018,Active,209,5888.0,1042,2401,427,1142,320,397,97,673,732,208,46,344,447,2831,.434,.374,.806,"Aug 18, 1992",Belgrade,Serbia,44.8339171407932,20.493976325742462,2010's,28.2,13.5,3.5,3.2,1
OG Anunoby,3,2018,Active,210,4899.0,632,1316,229.0,627.0,147,226,182.0,745,210,194.0,81.0,179.0,437,1640,0.48,0.365,0.65,"Jul 17, 1997",London,United Kingdom,51.45641656387046,-0.11605453391615682,2010's,23.3,7.8,1.0,3.5,1
Omari Johnson,1,2018,2018,4,75.0,9,21,4,12,0,0,4,11,7,2,0,3,6,22,0.429,0.33299999999999996,,"Nov 26, 1989",Kingston,Jamaica,17.877757185771824,-76.94766072751277,2010's,18.8,5.5,1.8,2.8,1
Frank Ntilikina,3,2018,Active,178,3797.0,408,1115,127,409,123,157,72,385,543,149,48,258,427,1066,0.366,0.311,0.7829999999999999,"Jul 28, 1998",Ixelles,Belgium,50.87081414376345,4.275666343340091,2010's,21.3,6.0,3.1,2.2,1
Guerschon Yabusele,2,2018,2019,74,486.0,61,138,21,65,30,44,40,105,31,12,12,27,55,173,.442,.323,.682,"Dec 17, 1995",Dreux,France,48.534596489792506,1.3425385439650301,2010's,6.6,2.3,0.4,1.4,1
Daniel Theis,3,2018,Active,194,3410.0,513,925,76,221,204,271,317,925,235,88,174,143,537,1306,.555,.344,.753,"Apr 4, 1992",Salzgitter,Germany,52.29584886620165,10.276896045378242,2010's,17.6,6.7,1.2,4.8,1
Cedi Osman,3,2018,Active,202,5026.0,716,1639,285,782,230,321,103,708,390,136,30,237,433,1947,0.43700000000000006,0.364,0.7170000000000001,"Apr 8, 1995",Ohrid,North Macedonia,41.040721286177956,20.60894213708425,2010's,24.9,9.6,1.9,3.5,1
T.J. Leaf,3,2018,Active,139,1203.0,199,405,31,91,36,63,95,278,42,24,27,30,102,465,0.491,0.341,0.5710000000000001,"Apr 30, 1997",Tel Aviv,Israel,32.10351447986273,34.82158970136714,2010's,8.7,3.3,0.3,2.0,1
Chris Boucher,3,2018,Active,91,983.0,175,376,50,156,104,131,123,334,28,28,85,35,145,504,0.465,0.321,0.794,"Jan 11, 1993",Castries,Saint Lucia,14.031896815728823,-61.09582714435019,2010's,10.8,5.5,0.3,3.7,1
Miloš Teodosić,2,2018,2019,60,1284.0,168,400,98,259,43,53,19,142,241,26,6,118,130,477,.420,.378,.811,"Mar 19, 1987",Valjevo,Serbia,44.44778544182857,20.002481260614434,2010's,21.4,8.0,4.0,2.4,1
Xavier Rathan-Mayes,1,2018,2018,5,118.0,12,42,1,14,4,9,0,5,18,6,3,11,18,29,.286,.071,.444,"Apr 29, 1994",Scarborough,Canada,43.875519008891786,-79.2294065511316,2010's,23.6,5.8,3.6,1.0,1
Ante Žižić,3,2018,Active,113,1517.0,273,470,0,0,128,180,150,446,64,22,40,82,170,674,0.581,,0.711,"Jan 4, 1997",Split,Croatia,43.394297519629774,16.38363912791621,2010's,13.4,6.0,0.6,3.9,1
Mangok Mathiang,1,2018,2018,4,20.0,4,7,0,0,0,1,3,10,0,1,0,0,5,8,.571,,.000,"Oct 8, 1992",Melbourne,Australia,-37.87814387374811,145.143959822603,2010's,5.0,2.0,0.0,2.5,1
Elie Okobo,2,2019,Active,108,1677.0,186,471,64,203,87,118,28,188,242,56,11,107,163,523,.395,.315,.737,"Oct 23, 1997",Bordeaux,France,44.88926654076097,-0.626979526679439,2010's,15.5,4.8,2.2,1.7,1
Mitch Creek,1,2019,2019,5,48.0,8,16,0,2,5,7,6,12,6,2,0,1,3,21,.500,.000,.714,"Apr 27, 1992",Horsham,Australia,-37.01329984648132,142.1589633495041,2010's,9.6,4.2,1.2,2.4,1
Shai Gilgeous-Alexander,2,2019,Active,152,4602.0,819,1731,138,390,444,552,104,644,502,175,92,275,292,2220,.473,.354,.804,"Jul 12, 1998",Toronto,Canada,43.64743307576768,-79.65127486256978,2010's,30.3,14.6,3.3,4.2,1
Ryan Broekhoff,2,2019,Active,59,633.0,79,185,58,144,22,27,13,106,33,11,8,22,50,238,.427,.403,.815,"Aug 23, 1990",Melbourne,Australia,-37.870963525585616,145.0666766305759,2010's,10.7,4.0,0.6,1.8,1
Jonah Bolden,2,2019,Active,51,686.0,84,173,34,100,15,31,50,174,40,20,41,38,109,217,.486,.340,.484,"Jan 2, 1996",Melbourne,Australia,-37.7790889313105,145.027570185396,2010's,13.5,4.3,0.8,3.4,1
Isaac Humphries,1,2019,2019,5,56.0,6,21,3,11,0,0,4,11,0,1,0,0,7,15,.286,.273,,"Jan 5, 1998",Sydney,Australia,-34.07107115463322,151.20864441319256,2010's,11.2,3.0,0.0,2.2,1
Deandre Ayton,2,2019,Active,109,3419.0,819,1438,3,17,208,278,370,1165,197,87,125,206,326,1849,0.57,0.17600000000000002,0.748,"Jul 23, 1998",Nassau,Bahamas,25.045426334589106,-77.28568199227978,2010's,31.4,17.0,1.8,10.7,1
Rodions Kurucs,2,2019,Active,110,1978.0,281,626,91,274,96,130,81,383,103,66,30,123,236,749,0.449,0.332,0.738,"Feb 5, 1998",Cesis,Latvia,57.295177628314164,25.370604663612845,2010's,18.0,6.8,0.9,3.5,1
Moritz Wagner,2,2019,Active,88,1281.0,216,437,47,157,121,148,73,304,80,39,32,105,209,600,.494,.299,.818,"Apr 26, 1997",Berlin,Germany,52.4582388317011,13.254873488693693,2010's,14.6,6.8,0.9,3.5,1
Sviatoslav Mykhailiuk,2,2019,Active,98,1705.0,212,545,144,374,69,90,26,140,143,55,5,82,112,637,0.389,0.385,0.767,"Jun 10, 1997",Cherkasy,Ukraine,49.30418906978586,32.02004083661308,2010's,17.4,6.5,1.5,1.4,1
Deng Adel,1,2019,2019,19,194.0,11,36,6,23,4,4,3,19,5,1,4,6,13,32,0.306,0.261,1.0,"Feb 1, 1997",Juba,South Sudan,4.953323796846839,31.58633149497075,2010's,10.2,1.7,0.3,1.0,1
Kostas Antetokounmpo,2,2019,Active,7,31.0,3,6,0,0,3,6,2,4,2,2,0,2,2,9,0.5,,0.5,"Nov 20, 1997",Athens,Greece,37.94988872615924,23.70072335419022,2010's,4.4,1.3,0.3,0.6,1
Luka Dončić,2,2019,Active,133,4365.0,1087,2441,339,1055,772,1047,164,1136,967,139,39,507,290,3285,0.445,0.321,0.737,"Feb 28, 1999",Ljubljana,Slovenia,46.016484520192854,14.496172904822805,2010's,32.8,24.7,7.3,8.5,1
Isaac Bonga,2,2019,Active,88,1370.0,123,267,25,79,78,100,80,247,91,54,26,64,165,349,.461,.316,.780,"Nov 8, 1999",Neuwied,Germany,50.6070811919896,7.5166390051181615,2010's,15.6,4.0,1.0,2.8,1
Josh Okogie,2,2019,Active,136,3304.0,366,906,101,369,270,353,128,486,190,156,59,150,305,1103,0.40399999999999997,0.27399999999999997,0.765,"Sep 1, 1998",Lagos,Nigeria,6.52299378591339,3.2435240714166254,2010's,24.3,8.1,1.4,3.6,1
Dairis Bertāns,1,2019,2019,12,167.0,12,47,10,34,0,0,2,9,10,1,0,2,7,34,0.255,0.294,,"Sep 9, 1989",Valmiera,Latvia,57.488044204893214,25.423896010586958,2010's,13.9,2.8,0.8,0.8,1
Yuta Watanabe,2,2019,Active,33,279.0,30,85,5,24,10,18,11,51,13,9,2,8,20,75,0.353,0.20800000000000002,0.556,"Oct 13, 1994",Kagawa,Japan,35.33191884906914,139.4918209449933,2010's,8.5,2.3,0.4,1.5,1
Džanan Musa,2,2019,Active,49,526.0,73,194,20,88,45,62,22,91,45,17,1,40,31,211,0.376,0.22699999999999998,0.726,"May 8, 1999",Bihac,Bosnia and Herzegovina,44.86538865496442,15.829050710461274,2010's,10.7,4.3,0.9,1.9,1
Ángel Delgado,1,2019,2019,2,15.0,1,5,0,0,1,2,2,4,0,1,0,0,2,3,0.2,,0.5,"Nov 20, 1994",Santo Domingo,Dominican Republic,18.546077151940906,-69.88796864057727,2010's,7.5,1.5,0.0,2.0,1
